heater_index,time_index,temperature_1,temperature_2,heater,power,power_on,status
0,10,328.1119405703719,,<source.processFunctions_WH.WaterHeater object at 0x7f9fe4b36d20>,0.0,2.4,False
1,10,328.11586934051434,,<source.processFunctions_WH.WaterHeater object at 0x7f9fe33ebe60>,0.0,2.0,False
2,10,328.118227624331,,<source.processFunctions_WH.WaterHeater object at 0x7f9fe30f6960>,0.0,2.4,False
3,10,328.11919018815325,,<source.processFunctions_WH.WaterHeater object at 0x7f9fe4ba9850>,0.0,2.6,False
4,10,328.1231565694312,,<source.processFunctions_WH.WaterHeater object at 0x7f9fe4b80080>,0.0,2.8,False
5,10,328.1216957541368,,<source.processFunctions_WH.WaterHeater object at 0x7f9fe5542120>,0.0,2.8,False
6,10,328.1227493856076,,<source.processFunctions_WH.WaterHeater object at 0x7f9fe2263050>,0.0,2.8,False
7,10,328.1203869153528,,<source.processFunctions_WH.WaterHeater object at 0x7f9fe22db800>,0.0,2.8,False
8,10,328.12045964762547,,<source.processFunctions_WH.WaterHeater object at 0x7f9fe22db950>,0.0,2.6,False
9,10,328.1109421482891,,<source.processFunctions_WH.WaterHeater object at 0x7f9fe22dbf50>,0.0,2.0,False
10,10,328.1168518638044,,<source.processFunctions_WH.WaterHeater object at 0x7f9fe52c5280>,0.0,2.4,False
11,10,328.11213072200024,,<source.processFunctions_WH.WaterHeater object at 0x7f9fe40e6c00>,0.0,2.2,False
12,10,328.1146571101318,,<source.processFunctions_WH.WaterHeater object at 0x7f9fe7961190>,0.0,2.2,False
13,10,328.1192259283076,,<source.processFunctions_WH.WaterHeater object at 0x7f9fe1e70f50>,0.0,2.8,False
14,10,328.1209146049029,,<source.processFunctions_WH.WaterHeater object at 0x7f9fe1e701d0>,0.0,2.8,False
15,10,328.1204802835919,,<source.processFunctions_WH.WaterHeater object at 0x7f9fe1e719a0>,0.0,2.6,False
16,10,328.11989738425143,,<source.processFunctions_WH.WaterHeater object at 0x7f9fe5925b80>,0.0,2.6,False
17,10,328.12411310149946,,<source.processFunctions_WH.WaterHeater object at 0x7f9fe22a05f0>,0.0,3.0,False
18,10,328.10960893036037,,<source.processFunctions_WH.WaterHeater object at 0x7f9fe22a0620>,0.0,2.0,False
19,10,328.1237786884343,,<source.processFunctions_WH.WaterHeater object at 0x7f9fe32569c0>,0.0,2.8,False
20,10,328.110757794318,,<source.processFunctions_WH.WaterHeater object at 0x7f9fe2606600>,0.0,2.0,False
21,10,328.1184576215033,,<source.processFunctions_WH.WaterHeater object at 0x7f9fe52e3b00>,0.0,2.6,False
22,10,328.1249838741809,,<source.processFunctions_WH.WaterHeater object at 0x7f9fe2fd0740>,0.0,3.0,False
23,10,328.11485433474127,,<source.processFunctions_WH.WaterHeater object at 0x7f9fe5561b50>,0.0,2.4,False
24,10,328.1238339820368,,<source.processFunctions_WH.WaterHeater object at 0x7f9fe263bc80>,0.0,3.0,False
25,10,328.10882916303535,,<source.processFunctions_WH.WaterHeater object at 0x7f9fe263b740>,0.0,2.0,False
26,10,328.11931445305834,,<source.processFunctions_WH.WaterHeater object at 0x7f9fe263bbc0>,0.0,2.6,False
27,10,328.1161537355662,,<source.processFunctions_WH.WaterHeater object at 0x7f9fe247e660>,0.0,2.6,False
28,10,328.12054884009865,,<source.processFunctions_WH.WaterHeater object at 0x7f9fe5296900>,0.0,2.6,False
29,10,328.1143846273551,,<source.processFunctions_WH.WaterHeater object at 0x7fa07d6b7a10>,0.0,2.2,False
30,10,328.1227616551198,,<source.processFunctions_WH.WaterHeater object at 0x7f9fe3a63f20>,0.0,3.0,False
31,10,328.1101375772237,,<source.processFunctions_WH.WaterHeater object at 0x7f9fe3a63ec0>,0.0,2.0,False
32,10,328.11255422544843,,<source.processFunctions_WH.WaterHeater object at 0x7fa07d7201a0>,0.0,2.2,False
33,10,328.11992300134875,,<source.processFunctions_WH.WaterHeater object at 0x7fa07d720140>,0.0,2.8,False
34,10,328.12434123007233,,<source.processFunctions_WH.WaterHeater object at 0x7fa07d720380>,0.0,3.0,False
35,10,328.1234475977035,,<source.processFunctions_WH.WaterHeater object at 0x7f9fe1cd7440>,0.0,3.0,False
36,10,328.1106030488379,,<source.processFunctions_WH.WaterHeater object at 0x7f9fe1cd4830>,0.0,2.0,False
37,10,328.1243855133488,,<source.processFunctions_WH.WaterHeater object at 0x7f9fe1cd4740>,0.0,3.0,False
38,10,328.1181667699219,,<source.processFunctions_WH.WaterHeater object at 0x7f9fe1cd4800>,0.0,2.4,False
39,10,328.11479855429803,,<source.processFunctions_WH.WaterHeater object at 0x7f9fe1ef3290>,0.0,2.2,False
40,10,328.11310424739906,,<source.processFunctions_WH.WaterHeater object at 0x7f9fe1ef30e0>,0.0,2.2,False
41,10,328.1170591345359,,<source.processFunctions_WH.WaterHeater object at 0x7f9fe24a3da0>,0.0,2.6,False
42,10,328.11471515283915,,<source.processFunctions_WH.WaterHeater object at 0x7f9fe24a31d0>,0.0,2.2,False
43,10,328.1146900456023,,<source.processFunctions_WH.WaterHeater object at 0x7f9fe1d33170>,0.0,2.2,False
44,10,328.1143420825218,,<source.processFunctions_WH.WaterHeater object at 0x7f9fe1d331a0>,0.0,2.0,False
45,10,328.1178835397752,,<source.processFunctions_WH.WaterHeater object at 0x7f9fe1d331d0>,0.0,2.6,False
46,10,328.1158697049047,,<source.processFunctions_WH.WaterHeater object at 0x7f9fe1d33200>,0.0,2.6,False
47,10,328.12413541840544,,<source.processFunctions_WH.WaterHeater object at 0x7f9fe1d33230>,0.0,2.8,False
48,10,328.11938311619895,,<source.processFunctions_WH.WaterHeater object at 0x7f9fe1d33260>,0.0,2.4,False
49,10,328.11972088069257,,<source.processFunctions_WH.WaterHeater object at 0x7f9fe1d33290>,0.0,2.2,False
50,10,328.1105584788899,,<source.processFunctions_WH.WaterHeater object at 0x7f9fe1d332c0>,0.0,2.0,False
51,10,328.1197457794569,,<source.processFunctions_WH.WaterHeater object at 0x7f9fe1d332f0>,0.0,2.8,False
52,10,328.1194212885964,,<source.processFunctions_WH.WaterHeater object at 0x7f9fe1d33320>,0.0,2.6,False
53,10,328.1097436333444,,<source.processFunctions_WH.WaterHeater object at 0x7f9fe1d33350>,0.0,2.0,False
54,10,328.11117753020915,,<source.processFunctions_WH.WaterHeater object at 0x7f9fe1d33380>,0.0,2.0,False
55,10,328.1216532484141,,<source.processFunctions_WH.WaterHeater object at 0x7f9fe1d333b0>,0.0,2.8,False
56,10,328.1191914418365,,<source.processFunctions_WH.WaterHeater object at 0x7f9fe1d333e0>,0.0,2.4,False
57,10,328.1206346955428,,<source.processFunctions_WH.WaterHeater object at 0x7f9fe1d33410>,0.0,2.6,False
58,10,328.1242769495158,,<source.processFunctions_WH.WaterHeater object at 0x7f9fe1d33440>,0.0,3.0,False
59,10,328.1156064122332,,<source.processFunctions_WH.WaterHeater object at 0x7f9fe1d33020>,0.0,2.2,False
60,10,328.11851832880905,,<source.processFunctions_WH.WaterHeater object at 0x7f9fe1d330b0>,0.0,2.6,False
61,10,328.1156050533467,,<source.processFunctions_WH.WaterHeater object at 0x7f9fe1d33080>,0.0,2.2,False
62,10,328.1157023056532,,<source.processFunctions_WH.WaterHeater object at 0x7f9fe1d330e0>,0.0,2.2,False
63,10,328.1157276840123,,<source.processFunctions_WH.WaterHeater object at 0x7f9fe1d32f90>,0.0,2.2,False
64,10,328.1117232678757,,<source.processFunctions_WH.WaterHeater object at 0x7f9fe1d32f30>,0.0,2.2,False
65,10,328.1190107845083,,<source.processFunctions_WH.WaterHeater object at 0x7f9fe1d33470>,0.0,2.6,False
66,10,328.11249764999206,,<source.processFunctions_WH.WaterHeater object at 0x7f9fe1d334a0>,0.0,2.2,False
67,10,328.11654409914433,,<source.processFunctions_WH.WaterHeater object at 0x7f9fe1d334d0>,0.0,2.2,False
68,10,328.1213212646676,,<source.processFunctions_WH.WaterHeater object at 0x7f9fe1d33500>,0.0,2.6,False
69,10,328.12033597934794,,<source.processFunctions_WH.WaterHeater object at 0x7f9fe1d33530>,0.0,2.4,False
70,10,328.1144087397478,,<source.processFunctions_WH.WaterHeater object at 0x7f9fe1d33560>,0.0,2.2,False
71,10,328.1078349624965,,<source.processFunctions_WH.WaterHeater object at 0x7f9fe1d33590>,0.0,2.0,False
72,10,328.12348791498596,,<source.processFunctions_WH.WaterHeater object at 0x7f9fe1d335c0>,0.0,3.0,False
73,10,328.122106641037,,<source.processFunctions_WH.WaterHeater object at 0x7f9fe1d335f0>,0.0,2.8,False
74,10,328.12286610365214,,<source.processFunctions_WH.WaterHeater object at 0x7f9fe1d33620>,0.0,3.0,False
75,10,328.116252504297,,<source.processFunctions_WH.WaterHeater object at 0x7f9fe1d33650>,0.0,2.2,False
76,10,328.1207111818304,,<source.processFunctions_WH.WaterHeater object at 0x7f9fe1d33680>,0.0,2.8,False
77,10,328.124595495938,,<source.processFunctions_WH.WaterHeater object at 0x7f9fe1d336b0>,0.0,3.0,False
78,10,328.1099656399969,,<source.processFunctions_WH.WaterHeater object at 0x7f9fe1d336e0>,0.0,2.2,False
79,10,328.10776418445084,,<source.processFunctions_WH.WaterHeater object at 0x7f9fe1d33710>,0.0,2.0,False
80,10,328.1165106029771,,<source.processFunctions_WH.WaterHeater object at 0x7f9fe1d33740>,0.0,2.4,False
81,10,328.1253102817675,,<source.processFunctions_WH.WaterHeater object at 0x7f9fe1d33770>,0.0,3.0,False
82,10,328.12064783443066,,<source.processFunctions_WH.WaterHeater object at 0x7f9fe1d337a0>,0.0,2.8,False
83,10,328.1171801885314,,<source.processFunctions_WH.WaterHeater object at 0x7f9fe1d337d0>,0.0,2.6,False
84,10,328.12448490616305,,<source.processFunctions_WH.WaterHeater object at 0x7f9fe1d33800>,0.0,3.0,False
85,10,328.11226218782616,,<source.processFunctions_WH.WaterHeater object at 0x7f9fe1d33830>,0.0,2.2,False
86,10,328.11882393877215,,<source.processFunctions_WH.WaterHeater object at 0x7f9fe1d33860>,0.0,2.4,False
87,10,328.1196241791265,,<source.processFunctions_WH.WaterHeater object at 0x7f9fe1d33890>,0.0,2.6,False
88,10,328.10886055090396,,<source.processFunctions_WH.WaterHeater object at 0x7f9fe1d338c0>,0.0,2.0,False
89,10,328.11440333657214,,<source.processFunctions_WH.WaterHeater object at 0x7f9fe1d338f0>,0.0,2.6,False
90,10,328.1169183333865,,<source.processFunctions_WH.WaterHeater object at 0x7f9fe1d33920>,0.0,2.4,False
91,10,328.1165085341315,,<source.processFunctions_WH.WaterHeater object at 0x7f9fe1d33950>,0.0,2.0,False
92,10,328.1240428899135,,<source.processFunctions_WH.WaterHeater object at 0x7f9fe1d33980>,0.0,3.0,False
93,10,328.1168013067037,,<source.processFunctions_WH.WaterHeater object at 0x7f9fe1d339b0>,0.0,2.4,False
94,10,328.11039000297325,,<source.processFunctions_WH.WaterHeater object at 0x7f9fe1d339e0>,0.0,2.0,False
95,10,328.124256216875,,<source.processFunctions_WH.WaterHeater object at 0x7f9fe1d33a10>,0.0,3.0,False
96,10,328.1153076573176,,<source.processFunctions_WH.WaterHeater object at 0x7f9fe1d33a40>,0.0,2.4,False
97,10,328.1170664063396,,<source.processFunctions_WH.WaterHeater object at 0x7f9fe1d33a70>,0.0,2.6,False
98,10,328.1125130746401,,<source.processFunctions_WH.WaterHeater object at 0x7f9fe1d33aa0>,0.0,2.4,False
99,10,328.12033216333026,,<source.processFunctions_WH.WaterHeater object at 0x7f9fe1d33ad0>,0.0,2.6,False
100,10,328.1131460703975,,<source.processFunctions_WH.WaterHeater object at 0x7f9fe1d33b00>,0.0,2.0,False
101,10,328.11772895748925,,<source.processFunctions_WH.WaterHeater object at 0x7f9fe1d33b30>,0.0,2.4,False
102,10,328.1231992290969,,<source.processFunctions_WH.WaterHeater object at 0x7f9fe1d33b60>,0.0,2.8,False
103,10,328.10986814773185,,<source.processFunctions_WH.WaterHeater object at 0x7f9fe1d33b90>,0.0,2.2,False
104,10,328.1152043860465,,<source.processFunctions_WH.WaterHeater object at 0x7f9fe1d33bc0>,0.0,2.0,False
105,10,328.1197400151377,,<source.processFunctions_WH.WaterHeater object at 0x7f9fe1d33bf0>,0.0,2.8,False
106,10,328.12403846785855,,<source.processFunctions_WH.WaterHeater object at 0x7f9fe1d33c20>,0.0,2.8,False
107,10,328.119924207847,,<source.processFunctions_WH.WaterHeater object at 0x7f9fe1d33c50>,0.0,2.8,False
108,10,328.12275140458723,,<source.processFunctions_WH.WaterHeater object at 0x7f9fe1d33c80>,0.0,3.0,False
109,10,328.1121399020018,,<source.processFunctions_WH.WaterHeater object at 0x7f9fe1d33cb0>,0.0,2.2,False
110,10,328.1081835816881,,<source.processFunctions_WH.WaterHeater object at 0x7f9fe1d33ce0>,0.0,2.0,False
111,10,328.1215012370787,,<source.processFunctions_WH.WaterHeater object at 0x7f9fe1d33d10>,0.0,3.0,False
112,10,328.1194037430147,,<source.processFunctions_WH.WaterHeater object at 0x7f9fe1d33d40>,0.0,2.4,False
113,10,328.11393097296286,,<source.processFunctions_WH.WaterHeater object at 0x7f9fe1d33d70>,0.0,2.2,False
114,10,328.12481683220267,,<source.processFunctions_WH.WaterHeater object at 0x7f9fe1d33da0>,0.0,3.0,False
115,10,328.1235637298123,,<source.processFunctions_WH.WaterHeater object at 0x7f9fe1d33dd0>,0.0,3.0,False
116,10,328.1156492757243,,<source.processFunctions_WH.WaterHeater object at 0x7f9fe1d33e00>,0.0,2.2,False
117,10,328.11909893509244,,<source.processFunctions_WH.WaterHeater object at 0x7f9fe1d33e30>,0.0,2.4,False
118,10,328.1133353476032,,<source.processFunctions_WH.WaterHeater object at 0x7f9fe1d33e60>,0.0,2.0,False
119,10,328.11719472977717,,<source.processFunctions_WH.WaterHeater object at 0x7f9fe1d33e90>,0.0,2.6,False
120,10,328.1228315003336,,<source.processFunctions_WH.WaterHeater object at 0x7f9fe1d33ec0>,0.0,3.0,False
121,10,328.12468024920304,,<source.processFunctions_WH.WaterHeater object at 0x7f9fe1d33ef0>,0.0,3.0,False
122,10,328.1195518950717,,<source.processFunctions_WH.WaterHeater object at 0x7f9fe1d33f20>,0.0,2.4,False
123,10,328.11661096666586,,<source.processFunctions_WH.WaterHeater object at 0x7f9fe1d33f50>,0.0,2.2,False
124,10,328.11582523689094,,<source.processFunctions_WH.WaterHeater object at 0x7f9fe1d33f80>,0.0,2.0,False
125,10,328.1174622727774,,<source.processFunctions_WH.WaterHeater object at 0x7f9fe1d33fb0>,0.0,2.6,False
126,10,328.1215840234171,,<source.processFunctions_WH.WaterHeater object at 0x7f9fe1d33fe0>,0.0,2.6,False
127,10,328.1176126944677,,<source.processFunctions_WH.WaterHeater object at 0x7f9fe1cb0050>,0.0,2.2,False
128,10,328.1219991557992,,<source.processFunctions_WH.WaterHeater object at 0x7f9fe1cb0080>,0.0,2.6,False
129,10,328.12270330906904,,<source.processFunctions_WH.WaterHeater object at 0x7f9fe1cb00b0>,0.0,3.0,False
130,10,328.11795179186174,,<source.processFunctions_WH.WaterHeater object at 0x7f9fe1cb00e0>,0.0,2.6,False
131,10,328.1214867312908,,<source.processFunctions_WH.WaterHeater object at 0x7f9fe1cb0110>,0.0,2.8,False
132,10,328.10547546095205,,<source.processFunctions_WH.WaterHeater object at 0x7f9fe1cb0140>,0.0,2.0,False
133,10,328.12235724187565,,<source.processFunctions_WH.WaterHeater object at 0x7f9fe1cb0170>,0.0,2.6,False
134,10,328.1204150987784,,<source.processFunctions_WH.WaterHeater object at 0x7f9fe1cb01a0>,0.0,2.8,False
135,10,328.1169422946133,,<source.processFunctions_WH.WaterHeater object at 0x7f9fe1cb01d0>,0.0,2.4,False
136,10,328.1219880054708,,<source.processFunctions_WH.WaterHeater object at 0x7f9fe1cb0200>,0.0,3.0,False
137,10,328.1153606342424,,<source.processFunctions_WH.WaterHeater object at 0x7f9fe1cb0230>,0.0,2.2,False
138,10,328.11791093594525,,<source.processFunctions_WH.WaterHeater object at 0x7f9fe1cb0260>,0.0,2.4,False
139,10,328.1113142263573,,<source.processFunctions_WH.WaterHeater object at 0x7f9fe1cb0290>,0.0,2.0,False
140,10,328.1107851663625,,<source.processFunctions_WH.WaterHeater object at 0x7f9fe1cb02c0>,0.0,2.0,False
141,10,328.1221362967026,,<source.processFunctions_WH.WaterHeater object at 0x7f9fe1cb02f0>,0.0,2.8,False
142,10,328.122566325026,,<source.processFunctions_WH.WaterHeater object at 0x7f9fe1cb0320>,0.0,3.0,False
143,10,328.1123710887658,,<source.processFunctions_WH.WaterHeater object at 0x7f9fe1cb0350>,0.0,2.2,False
144,10,328.1102598639907,,<source.processFunctions_WH.WaterHeater object at 0x7f9fe1cb0380>,0.0,2.2,False
145,10,328.1088556395646,,<source.processFunctions_WH.WaterHeater object at 0x7f9fe1cb03b0>,0.0,2.0,False
146,10,328.11397202052154,,<source.processFunctions_WH.WaterHeater object at 0x7f9fe1cb03e0>,0.0,2.2,False
147,10,328.1194147995074,,<source.processFunctions_WH.WaterHeater object at 0x7f9fe1cb0410>,0.0,2.8,False
148,10,328.12074401180627,,<source.processFunctions_WH.WaterHeater object at 0x7f9fe1cb0440>,0.0,2.8,False
149,10,328.1171375948399,,<source.processFunctions_WH.WaterHeater object at 0x7f9fe1cb0470>,0.0,2.4,False
150,10,328.1217497169454,,<source.processFunctions_WH.WaterHeater object at 0x7f9fe1cb04a0>,0.0,2.6,False
151,10,328.1235184662179,,<source.processFunctions_WH.WaterHeater object at 0x7f9fe1cb04d0>,0.0,3.0,False
152,10,328.12268293337104,,<source.processFunctions_WH.WaterHeater object at 0x7f9fe1cb0500>,0.0,3.0,False
153,10,328.1201148889931,,<source.processFunctions_WH.WaterHeater object at 0x7f9fe1cb0530>,0.0,3.0,False
154,10,328.1146422778056,,<source.processFunctions_WH.WaterHeater object at 0x7f9fe1cb0560>,0.0,2.2,False
155,10,328.1093492870407,,<source.processFunctions_WH.WaterHeater object at 0x7f9fe1cb0590>,0.0,2.0,False
156,10,328.1166110338313,,<source.processFunctions_WH.WaterHeater object at 0x7f9fe1cb05c0>,0.0,2.2,False
157,10,328.1226514540976,,<source.processFunctions_WH.WaterHeater object at 0x7f9fe1cb05f0>,0.0,2.8,False
158,10,328.11114960568005,,<source.processFunctions_WH.WaterHeater object at 0x7f9fe1cb0620>,0.0,2.0,False
159,10,328.11991200294904,,<source.processFunctions_WH.WaterHeater object at 0x7f9fe1cb0650>,0.0,2.4,False
160,10,328.1212567701085,,<source.processFunctions_WH.WaterHeater object at 0x7f9fe1cb0680>,0.0,2.8,False
161,10,328.1157263543806,,<source.processFunctions_WH.WaterHeater object at 0x7f9fe1cb06b0>,0.0,2.2,False
162,10,328.12161843043265,,<source.processFunctions_WH.WaterHeater object at 0x7f9fe1cb06e0>,0.0,2.8,False
163,10,328.1220682178047,,<source.processFunctions_WH.WaterHeater object at 0x7f9fe1cb0710>,0.0,2.8,False
164,10,328.1158138617559,,<source.processFunctions_WH.WaterHeater object at 0x7f9fe1cb0740>,0.0,2.0,False
165,10,328.11343364225934,,<source.processFunctions_WH.WaterHeater object at 0x7f9fe1cb0770>,0.0,2.2,False
166,10,328.1123426286439,,<source.processFunctions_WH.WaterHeater object at 0x7f9fe1cb07a0>,0.0,2.0,False
167,10,328.1177492983952,,<source.processFunctions_WH.WaterHeater object at 0x7f9fe1cb07d0>,0.0,2.6,False
168,10,328.11840864038993,,<source.processFunctions_WH.WaterHeater object at 0x7f9fe1cb0800>,0.0,2.6,False
169,10,328.11832293336954,,<source.processFunctions_WH.WaterHeater object at 0x7f9fe1cb0830>,0.0,2.4,False
170,10,328.11187748979967,,<source.processFunctions_WH.WaterHeater object at 0x7f9fe1cb0860>,0.0,2.2,False
171,10,328.1204101083186,,<source.processFunctions_WH.WaterHeater object at 0x7f9fe1cb0890>,0.0,2.4,False
172,10,328.12009094994255,,<source.processFunctions_WH.WaterHeater object at 0x7f9fe1cb08c0>,0.0,2.6,False
173,10,328.1124529404142,,<source.processFunctions_WH.WaterHeater object at 0x7f9fe1cb08f0>,0.0,2.4,False
174,10,328.1168456725833,,<source.processFunctions_WH.WaterHeater object at 0x7f9fe1cb0920>,0.0,2.6,False
175,10,328.11745138228093,,<source.processFunctions_WH.WaterHeater object at 0x7f9fe1cb0950>,0.0,2.4,False
176,10,328.1171870943978,,<source.processFunctions_WH.WaterHeater object at 0x7f9fe1cb0980>,0.0,2.4,False
177,10,328.1152762437041,,<source.processFunctions_WH.WaterHeater object at 0x7f9fe1cb09b0>,0.0,2.2,False
178,10,328.12246566727816,,<source.processFunctions_WH.WaterHeater object at 0x7f9fe1cb09e0>,0.0,2.6,False
179,10,328.11402433767984,,<source.processFunctions_WH.WaterHeater object at 0x7f9fe1cb0a10>,0.0,2.0,False
180,10,328.1099814615504,,<source.processFunctions_WH.WaterHeater object at 0x7f9fe1cb0a40>,0.0,2.0,False
181,10,328.11073530564636,,<source.processFunctions_WH.WaterHeater object at 0x7f9fe1cb0a70>,0.0,2.0,False
182,10,328.1187608752854,,<source.processFunctions_WH.WaterHeater object at 0x7f9fe1cb0aa0>,0.0,2.6,False
183,10,328.10906188119714,,<source.processFunctions_WH.WaterHeater object at 0x7f9fe1cb0ad0>,0.0,2.0,False
184,10,328.1191426283025,,<source.processFunctions_WH.WaterHeater object at 0x7f9fe1cb0b00>,0.0,2.6,False
185,10,328.12492844130645,,<source.processFunctions_WH.WaterHeater object at 0x7f9fe1cb0b30>,0.0,3.0,False
186,10,328.121366596593,,<source.processFunctions_WH.WaterHeater object at 0x7f9fe1cb0b60>,0.0,3.0,False
187,10,328.0220157972157,,<source.processFunctions_WH.WaterHeater object at 0x7f9fe1cb0b90>,0.0,2.8,False
188,10,328.1236667638676,,<source.processFunctions_WH.WaterHeater object at 0x7f9fe1cb0bc0>,0.0,3.0,False
189,10,328.12322813940756,,<source.processFunctions_WH.WaterHeater object at 0x7f9fe1cb0bf0>,0.0,2.8,False
190,10,328.12237087295205,,<source.processFunctions_WH.WaterHeater object at 0x7f9fe1cb0c20>,0.0,2.8,False
191,10,328.11351449074493,,<source.processFunctions_WH.WaterHeater object at 0x7f9fe1cb0c50>,0.0,2.2,False
192,10,328.1190550493335,,<source.processFunctions_WH.WaterHeater object at 0x7f9fe1cb0c80>,0.0,2.4,False
193,10,328.1226241665128,,<source.processFunctions_WH.WaterHeater object at 0x7f9fe1cb0cb0>,0.0,3.0,False
194,10,328.1231057235552,,<source.processFunctions_WH.WaterHeater object at 0x7f9fe1cb0ce0>,0.0,2.8,False
195,10,328.12544605330106,,<source.processFunctions_WH.WaterHeater object at 0x7f9fe1cb0d10>,0.0,3.0,False
196,10,328.11593985363555,,<source.processFunctions_WH.WaterHeater object at 0x7f9fe1cb0d40>,0.0,2.4,False
197,10,328.1121207461325,,<source.processFunctions_WH.WaterHeater object at 0x7f9fe1cb0d70>,0.0,2.2,False
198,10,328.11928503847435,,<source.processFunctions_WH.WaterHeater object at 0x7f9fe1cb0da0>,0.0,2.6,False
199,10,328.11889771231125,,<source.processFunctions_WH.WaterHeater object at 0x7f9fe1cb0dd0>,0.0,2.6,False
200,10,328.12267623776506,,<source.processFunctions_WH.WaterHeater object at 0x7f9fe1cb0e00>,0.0,3.0,False
201,10,328.1212998242684,,<source.processFunctions_WH.WaterHeater object at 0x7f9fe1cb0e30>,0.0,2.8,False
202,10,328.1190602027153,,<source.processFunctions_WH.WaterHeater object at 0x7f9fe1cb0e60>,0.0,2.6,False
203,10,328.1168060668298,,<source.processFunctions_WH.WaterHeater object at 0x7f9fe1cb0e90>,0.0,2.2,False
204,10,328.1092082261565,,<source.processFunctions_WH.WaterHeater object at 0x7f9fe1cb0ec0>,0.0,2.0,False
205,10,328.11744621363664,,<source.processFunctions_WH.WaterHeater object at 0x7f9fe1cb0ef0>,0.0,2.6,False
206,10,328.11815559337333,,<source.processFunctions_WH.WaterHeater object at 0x7f9fe1cb0f20>,0.0,2.2,False
207,10,328.1122679598334,,<source.processFunctions_WH.WaterHeater object at 0x7f9fe1cb0f50>,0.0,2.2,False
208,10,328.1198621359324,,<source.processFunctions_WH.WaterHeater object at 0x7f9fe1cb0f80>,0.0,2.6,False
209,10,328.1204706756698,,<source.processFunctions_WH.WaterHeater object at 0x7f9fe1cb0fb0>,0.0,2.6,False
210,10,328.1120285938387,,<source.processFunctions_WH.WaterHeater object at 0x7f9fe1cb0fe0>,0.0,2.0,False
211,10,328.12135169785074,,<source.processFunctions_WH.WaterHeater object at 0x7f9fe1cb1010>,0.0,2.6,False
212,10,328.12215032023437,,<source.processFunctions_WH.WaterHeater object at 0x7f9fe1cb1040>,0.0,2.8,False
213,10,328.12404458592545,,<source.processFunctions_WH.WaterHeater object at 0x7f9fe1cb1070>,0.0,3.0,False
214,10,328.11297766710874,,<source.processFunctions_WH.WaterHeater object at 0x7f9fe1cb10a0>,0.0,2.0,False
215,10,328.1184895174563,,<source.processFunctions_WH.WaterHeater object at 0x7f9fe1cb10d0>,0.0,2.4,False
216,10,328.10835336470666,,<source.processFunctions_WH.WaterHeater object at 0x7f9fe1cb1100>,0.0,2.0,False
217,10,328.1234677549453,,<source.processFunctions_WH.WaterHeater object at 0x7f9fe1cb1130>,0.0,3.0,False
218,10,328.1140603083753,,<source.processFunctions_WH.WaterHeater object at 0x7f9fe1cb1160>,0.0,2.4,False
219,10,328.1245956094016,,<source.processFunctions_WH.WaterHeater object at 0x7f9fe1cb1190>,0.0,2.8,False
220,10,328.1179447233129,,<source.processFunctions_WH.WaterHeater object at 0x7f9fe1cb11c0>,0.0,2.2,False
221,10,328.1198617886377,,<source.processFunctions_WH.WaterHeater object at 0x7f9fe1cb11f0>,0.0,2.6,False
222,10,328.1201333601745,,<source.processFunctions_WH.WaterHeater object at 0x7f9fe1cb1220>,0.0,2.8,False
223,10,328.1203328329455,,<source.processFunctions_WH.WaterHeater object at 0x7f9fe1cb1250>,0.0,2.6,False
224,10,328.1225306992289,,<source.processFunctions_WH.WaterHeater object at 0x7f9fe1cb1280>,0.0,3.0,False
225,10,328.11697130312956,,<source.processFunctions_WH.WaterHeater object at 0x7f9fe1cb12b0>,0.0,2.0,False
226,10,328.1221723791397,,<source.processFunctions_WH.WaterHeater object at 0x7f9fe1cb12e0>,0.0,3.0,False
227,10,328.1228080922512,,<source.processFunctions_WH.WaterHeater object at 0x7f9fe1cb1310>,0.0,2.8,False
228,10,328.1151398809589,,<source.processFunctions_WH.WaterHeater object at 0x7f9fe1cb1340>,0.0,2.4,False
229,10,328.1142810027629,,<source.processFunctions_WH.WaterHeater object at 0x7f9fe1cb1370>,0.0,2.2,False
230,10,328.12084575566394,,<source.processFunctions_WH.WaterHeater object at 0x7f9fe1cb13a0>,0.0,3.0,False
231,10,328.1121209765398,,<source.processFunctions_WH.WaterHeater object at 0x7f9fe1cb13d0>,0.0,2.2,False
232,10,328.1227238765182,,<source.processFunctions_WH.WaterHeater object at 0x7f9fe1cb1400>,0.0,3.0,False
233,10,328.1059851319781,,<source.processFunctions_WH.WaterHeater object at 0x7f9fe1cb1430>,0.0,2.0,False
234,10,328.11029085559136,,<source.processFunctions_WH.WaterHeater object at 0x7f9fe1cb1460>,0.0,2.2,False
235,10,328.1243964862441,,<source.processFunctions_WH.WaterHeater object at 0x7f9fe1cb1490>,0.0,2.8,False
236,10,328.1140381413268,,<source.processFunctions_WH.WaterHeater object at 0x7f9fe1cb14c0>,0.0,2.4,False
237,10,328.1134212755395,,<source.processFunctions_WH.WaterHeater object at 0x7f9fe1cb14f0>,0.0,2.2,False
238,10,328.11899066251874,,<source.processFunctions_WH.WaterHeater object at 0x7f9fe1cb1520>,0.0,2.4,False
239,10,328.1118505614795,,<source.processFunctions_WH.WaterHeater object at 0x7f9fe1cb1550>,0.0,2.0,False
240,10,328.1025002617714,,<source.processFunctions_WH.WaterHeater object at 0x7f9fe1cb1580>,0.0,2.2,False
241,10,328.10725099795707,,<source.processFunctions_WH.WaterHeater object at 0x7f9fe1cb15b0>,0.0,2.0,False
242,10,328.1183589455449,,<source.processFunctions_WH.WaterHeater object at 0x7f9fe1cb15e0>,0.0,2.6,False
243,10,328.1204914134871,,<source.processFunctions_WH.WaterHeater object at 0x7f9fe1cb1610>,0.0,2.6,False
244,10,328.11480041531433,,<source.processFunctions_WH.WaterHeater object at 0x7f9fe1cb1640>,0.0,2.0,False
245,10,328.12273829228434,,<source.processFunctions_WH.WaterHeater object at 0x7f9fe1cb1670>,0.0,3.0,False
246,10,328.11207088174035,,<source.processFunctions_WH.WaterHeater object at 0x7f9fe1cb16a0>,0.0,2.2,False
247,10,328.11891935458095,,<source.processFunctions_WH.WaterHeater object at 0x7f9fe1cb16d0>,0.0,2.4,False
248,10,328.112967234782,,<source.processFunctions_WH.WaterHeater object at 0x7f9fe1cb1700>,0.0,2.2,False
249,10,328.1168322613507,,<source.processFunctions_WH.WaterHeater object at 0x7f9fe1cb1730>,0.0,2.4,False
250,10,328.1243207520823,,<source.processFunctions_WH.WaterHeater object at 0x7f9fe1cb1760>,0.0,3.0,False
251,10,328.1149800315201,,<source.processFunctions_WH.WaterHeater object at 0x7f9fe1cb1790>,0.0,2.4,False
252,10,328.11348832077886,,<source.processFunctions_WH.WaterHeater object at 0x7f9fe1cb17c0>,0.0,2.2,False
253,10,328.10687853541964,,<source.processFunctions_WH.WaterHeater object at 0x7f9fe1cb17f0>,0.0,2.0,False
254,10,328.114047036394,,<source.processFunctions_WH.WaterHeater object at 0x7f9fe1cb1820>,0.0,2.4,False
255,10,328.12447106289295,,<source.processFunctions_WH.WaterHeater object at 0x7f9fe1cb1850>,0.0,2.8,False
256,10,328.11906713988816,,<source.processFunctions_WH.WaterHeater object at 0x7f9fe1cb1880>,0.0,2.6,False
257,10,328.1197017136408,,<source.processFunctions_WH.WaterHeater object at 0x7f9fe1cb18b0>,0.0,2.4,False
258,10,328.11410230515736,,<source.processFunctions_WH.WaterHeater object at 0x7f9fe1cb18e0>,0.0,2.2,False
259,10,328.1126703813668,,<source.processFunctions_WH.WaterHeater object at 0x7f9fe1cb1910>,0.0,2.4,False
260,10,328.1153099383963,,<source.processFunctions_WH.WaterHeater object at 0x7f9fe1cb1940>,0.0,2.4,False
261,10,328.1199757717142,,<source.processFunctions_WH.WaterHeater object at 0x7f9fe1cb1970>,0.0,2.4,False
262,10,328.1072672799927,,<source.processFunctions_WH.WaterHeater object at 0x7f9fe1cb19a0>,0.0,2.0,False
263,10,328.12163435035166,,<source.processFunctions_WH.WaterHeater object at 0x7f9fe1cb19d0>,0.0,2.8,False
264,10,328.1212719711738,,<source.processFunctions_WH.WaterHeater object at 0x7f9fe1cb1a00>,0.0,2.8,False
265,10,328.12331882271235,,<source.processFunctions_WH.WaterHeater object at 0x7f9fe1cb1a30>,0.0,3.0,False
266,10,328.1149662807205,,<source.processFunctions_WH.WaterHeater object at 0x7f9fe1cb1a60>,0.0,2.2,False
267,10,328.11968691422896,,<source.processFunctions_WH.WaterHeater object at 0x7f9fe1cb1a90>,0.0,2.6,False
268,10,328.10961165821413,,<source.processFunctions_WH.WaterHeater object at 0x7f9fe1cb1ac0>,0.0,2.0,False
269,10,328.1110144776897,,<source.processFunctions_WH.WaterHeater object at 0x7f9fe1cb1af0>,0.0,2.0,False
270,10,328.12051378967607,,<source.processFunctions_WH.WaterHeater object at 0x7f9fe1cb1b20>,0.0,2.6,False
271,10,328.1139097652836,,<source.processFunctions_WH.WaterHeater object at 0x7f9fe1cb1b50>,0.0,2.2,False
272,10,328.1214862122514,,<source.processFunctions_WH.WaterHeater object at 0x7f9fe1cb1b80>,0.0,3.0,False
273,10,328.1200131346533,,<source.processFunctions_WH.WaterHeater object at 0x7f9fe1cb1bb0>,0.0,2.6,False
274,10,328.1207597589994,,<source.processFunctions_WH.WaterHeater object at 0x7f9fe1cb1be0>,0.0,2.6,False
275,10,328.11755267183895,,<source.processFunctions_WH.WaterHeater object at 0x7f9fe1cb1c10>,0.0,2.6,False
276,10,328.1136273604136,,<source.processFunctions_WH.WaterHeater object at 0x7f9fe1cb1c40>,0.0,2.2,False
277,10,328.1189451797676,,<source.processFunctions_WH.WaterHeater object at 0x7f9fe1cb1c70>,0.0,2.2,False
278,10,328.1078904966209,,<source.processFunctions_WH.WaterHeater object at 0x7f9fe1cb1ca0>,0.0,2.0,False
279,10,328.122400659303,,<source.processFunctions_WH.WaterHeater object at 0x7f9fe1cb1cd0>,0.0,2.8,False
280,10,328.1190104724975,,<source.processFunctions_WH.WaterHeater object at 0x7f9fe1cb1d00>,0.0,2.4,False
281,10,328.11688388500147,,<source.processFunctions_WH.WaterHeater object at 0x7f9fe1cb1d30>,0.0,2.6,False
282,10,328.11577819620607,,<source.processFunctions_WH.WaterHeater object at 0x7f9fe1cb1d60>,0.0,2.4,False
283,10,328.12317489337295,,<source.processFunctions_WH.WaterHeater object at 0x7f9fe1cb1d90>,0.0,3.0,False
284,10,328.11519920610556,,<source.processFunctions_WH.WaterHeater object at 0x7f9fe1cb1dc0>,0.0,2.4,False
285,10,328.1153784203659,,<source.processFunctions_WH.WaterHeater object at 0x7f9fe1cb1df0>,0.0,2.2,False
286,10,328.12027514295585,,<source.processFunctions_WH.WaterHeater object at 0x7f9fe1cb1e20>,0.0,2.4,False
287,10,328.11791065234075,,<source.processFunctions_WH.WaterHeater object at 0x7f9fe1cb1e50>,0.0,2.4,False
288,10,328.11815096073934,,<source.processFunctions_WH.WaterHeater object at 0x7f9fe1cb1e80>,0.0,2.4,False
289,10,328.1184702621007,,<source.processFunctions_WH.WaterHeater object at 0x7f9fe1cb1eb0>,0.0,2.8,False
290,10,328.11523549679384,,<source.processFunctions_WH.WaterHeater object at 0x7f9fe1cb1ee0>,0.0,2.2,False
291,10,328.11433673178806,,<source.processFunctions_WH.WaterHeater object at 0x7f9fe1cb1f10>,0.0,2.2,False
292,10,328.1244915017436,,<source.processFunctions_WH.WaterHeater object at 0x7f9fe1cb1f40>,0.0,3.0,False
293,10,328.11346126277533,,<source.processFunctions_WH.WaterHeater object at 0x7f9fe1cb1f70>,0.0,2.2,False
294,10,328.12246145161964,,<source.processFunctions_WH.WaterHeater object at 0x7f9fe1cb1fa0>,0.0,2.8,False
295,10,328.11326647199996,,<source.processFunctions_WH.WaterHeater object at 0x7f9fe1cb1fd0>,0.0,2.2,False
296,10,328.1221782460979,,<source.processFunctions_WH.WaterHeater object at 0x7f9fe1cb2000>,0.0,3.0,False
297,10,328.123203549556,,<source.processFunctions_WH.WaterHeater object at 0x7f9fe1cb2030>,0.0,2.8,False
298,10,328.11710152710845,,<source.processFunctions_WH.WaterHeater object at 0x7f9fe1cb2060>,0.0,2.4,False
299,10,328.1177599631297,,<source.processFunctions_WH.WaterHeater object at 0x7f9fe1cb2090>,0.0,2.6,False
300,10,328.11841759715224,,<source.processFunctions_WH.WaterHeater object at 0x7f9fe1cb20c0>,0.0,2.6,False
301,10,328.1179368153893,,<source.processFunctions_WH.WaterHeater object at 0x7f9fe1cb20f0>,0.0,2.4,False
302,10,328.11062509514795,,<source.processFunctions_WH.WaterHeater object at 0x7f9fe1cb2120>,0.0,2.0,False
303,10,328.11241910553616,,<source.processFunctions_WH.WaterHeater object at 0x7f9fe1cb2150>,0.0,2.0,False
304,10,328.1130401019176,,<source.processFunctions_WH.WaterHeater object at 0x7f9fe1cb2180>,0.0,2.2,False
305,10,328.11242787520564,,<source.processFunctions_WH.WaterHeater object at 0x7f9fe1cb21b0>,0.0,2.0,False
306,10,328.12262656658675,,<source.processFunctions_WH.WaterHeater object at 0x7f9fe1cb21e0>,0.0,3.0,False
307,10,328.10914315000963,,<source.processFunctions_WH.WaterHeater object at 0x7f9fe1cb2210>,0.0,2.0,False
308,10,328.11961728443407,,<source.processFunctions_WH.WaterHeater object at 0x7f9fe1cb2240>,0.0,2.8,False
309,10,328.11475142100363,,<source.processFunctions_WH.WaterHeater object at 0x7f9fe1cb2270>,0.0,2.4,False
310,10,328.12237855705973,,<source.processFunctions_WH.WaterHeater object at 0x7f9fe1cb22a0>,0.0,2.8,False
311,10,328.12103418665265,,<source.processFunctions_WH.WaterHeater object at 0x7f9fe1cb22d0>,0.0,2.4,False
312,10,328.12446045111744,,<source.processFunctions_WH.WaterHeater object at 0x7f9fe1cb2300>,0.0,2.8,False
313,10,328.12001147216347,,<source.processFunctions_WH.WaterHeater object at 0x7f9fe1cb2330>,0.0,2.6,False
314,10,328.1207251274686,,<source.processFunctions_WH.WaterHeater object at 0x7f9fe1cb2360>,0.0,3.0,False
315,10,328.1207138662695,,<source.processFunctions_WH.WaterHeater object at 0x7f9fe1cb2390>,0.0,3.0,False
316,10,328.1074511356979,,<source.processFunctions_WH.WaterHeater object at 0x7f9fe1cb23c0>,0.0,2.0,False
317,10,328.12474779002935,,<source.processFunctions_WH.WaterHeater object at 0x7f9fe1cb23f0>,0.0,3.0,False
318,10,328.1213106024725,,<source.processFunctions_WH.WaterHeater object at 0x7f9fe1cb2420>,0.0,3.0,False
319,10,328.12462896381896,,<source.processFunctions_WH.WaterHeater object at 0x7f9fe1cb2450>,0.0,2.8,False
320,10,328.1225340916554,,<source.processFunctions_WH.WaterHeater object at 0x7f9fe1cb2480>,0.0,2.8,False
321,10,328.1195432711009,,<source.processFunctions_WH.WaterHeater object at 0x7f9fe1cb24b0>,0.0,2.4,False
322,10,328.12351660852363,,<source.processFunctions_WH.WaterHeater object at 0x7f9fe1cb24e0>,0.0,3.0,False
323,10,328.1255145085768,,<source.processFunctions_WH.WaterHeater object at 0x7f9fe1cb2510>,0.0,3.0,False
324,10,328.1193389325383,,<source.processFunctions_WH.WaterHeater object at 0x7f9fe1cb2540>,0.0,2.6,False
325,10,328.1161428751427,,<source.processFunctions_WH.WaterHeater object at 0x7f9fe1cb2570>,0.0,2.4,False
326,10,328.11974883443895,,<source.processFunctions_WH.WaterHeater object at 0x7f9fe1cb25a0>,0.0,2.6,False
327,10,328.12189600593234,,<source.processFunctions_WH.WaterHeater object at 0x7f9fe1cb25d0>,0.0,3.0,False
328,10,328.10921735781545,,<source.processFunctions_WH.WaterHeater object at 0x7f9fe1cb2600>,0.0,2.0,False
329,10,328.10792077855365,,<source.processFunctions_WH.WaterHeater object at 0x7f9fe1cb2630>,0.0,2.0,False
330,10,328.1154968352801,,<source.processFunctions_WH.WaterHeater object at 0x7f9fe1cb2660>,0.0,2.2,False
331,10,328.12050909502216,,<source.processFunctions_WH.WaterHeater object at 0x7f9fe1cb2690>,0.0,2.8,False
332,10,328.1093103880746,,<source.processFunctions_WH.WaterHeater object at 0x7f9fe1cb26c0>,0.0,2.0,False
333,10,328.11387031560605,,<source.processFunctions_WH.WaterHeater object at 0x7f9fe1cb26f0>,0.0,2.2,False
334,10,328.1202117691326,,<source.processFunctions_WH.WaterHeater object at 0x7f9fe1cb2720>,0.0,2.4,False
335,10,328.1142089385668,,<source.processFunctions_WH.WaterHeater object at 0x7f9fe1cb2750>,0.0,2.4,False
336,10,328.12135080197993,,<source.processFunctions_WH.WaterHeater object at 0x7f9fe1cb2780>,0.0,2.8,False
337,10,328.1224964173909,,<source.processFunctions_WH.WaterHeater object at 0x7f9fe1cb27b0>,0.0,2.8,False
338,10,328.1199421935944,,<source.processFunctions_WH.WaterHeater object at 0x7f9fe1cb27e0>,0.0,2.8,False
339,10,328.11915227005625,,<source.processFunctions_WH.WaterHeater object at 0x7f9fe1cb2810>,0.0,2.6,False
340,10,328.1215222999679,,<source.processFunctions_WH.WaterHeater object at 0x7f9fe1cb2840>,0.0,2.8,False
341,10,328.11243895589354,,<source.processFunctions_WH.WaterHeater object at 0x7f9fe1cb2870>,0.0,2.0,False
342,10,328.11674776825413,,<source.processFunctions_WH.WaterHeater object at 0x7f9fe1cb28a0>,0.0,2.4,False
343,10,328.1163294331514,,<source.processFunctions_WH.WaterHeater object at 0x7f9fe1cb28d0>,0.0,2.4,False
344,10,328.1124796581179,,<source.processFunctions_WH.WaterHeater object at 0x7f9fe1cb2900>,0.0,2.2,False
345,10,328.1104927192048,,<source.processFunctions_WH.WaterHeater object at 0x7f9fe1cb2930>,0.0,2.2,False
346,10,328.123387641936,,<source.processFunctions_WH.WaterHeater object at 0x7f9fe1cb2960>,0.0,3.0,False
347,10,328.10698144387305,,<source.processFunctions_WH.WaterHeater object at 0x7f9fe1cb2990>,0.0,2.0,False
348,10,328.11114773445,,<source.processFunctions_WH.WaterHeater object at 0x7f9fe1cb29c0>,0.0,2.0,False
349,10,328.11970621932227,,<source.processFunctions_WH.WaterHeater object at 0x7f9fe1cb29f0>,0.0,2.8,False
350,10,328.1119563983281,,<source.processFunctions_WH.WaterHeater object at 0x7f9fe1cb2a20>,0.0,2.0,False
351,10,328.1241119202467,,<source.processFunctions_WH.WaterHeater object at 0x7f9fe1cb2a50>,0.0,2.8,False
352,10,328.1243262539756,,<source.processFunctions_WH.WaterHeater object at 0x7f9fe1cb2a80>,0.0,3.0,False
353,10,328.1209550324533,,<source.processFunctions_WH.WaterHeater object at 0x7f9fe1cb2ab0>,0.0,2.8,False
354,10,328.11654376813806,,<source.processFunctions_WH.WaterHeater object at 0x7f9fe1cb2ae0>,0.0,2.2,False
355,10,328.1239984154729,,<source.processFunctions_WH.WaterHeater object at 0x7f9fe1cb2b10>,0.0,2.8,False
356,10,328.1199154220541,,<source.processFunctions_WH.WaterHeater object at 0x7f9fe1cb2b40>,0.0,2.6,False
357,10,328.11974568911376,,<source.processFunctions_WH.WaterHeater object at 0x7f9fe1cb2b70>,0.0,2.6,False
358,10,328.11679921342426,,<source.processFunctions_WH.WaterHeater object at 0x7f9fe1cb2ba0>,0.0,2.4,False
359,10,328.122871838004,,<source.processFunctions_WH.WaterHeater object at 0x7f9fe1cb2bd0>,0.0,2.8,False
360,10,328.11192877703206,,<source.processFunctions_WH.WaterHeater object at 0x7f9fe1cb2c00>,0.0,2.2,False
361,10,328.11403342316896,,<source.processFunctions_WH.WaterHeater object at 0x7f9fe1cb2c30>,0.0,2.4,False
362,10,328.11845097746107,,<source.processFunctions_WH.WaterHeater object at 0x7f9fe1cb2c60>,0.0,2.6,False
363,10,328.12496459801594,,<source.processFunctions_WH.WaterHeater object at 0x7f9fe1cb2c90>,0.0,3.0,False
364,10,328.11326257176336,,<source.processFunctions_WH.WaterHeater object at 0x7f9fe1cb2cc0>,0.0,2.0,False
365,10,328.125316741765,,<source.processFunctions_WH.WaterHeater object at 0x7f9fe1cb2cf0>,0.0,3.0,False
366,10,328.1149689873582,,<source.processFunctions_WH.WaterHeater object at 0x7f9fe1cb2d20>,0.0,2.2,False
367,10,328.12448652013046,,<source.processFunctions_WH.WaterHeater object at 0x7f9fe1cb2d50>,0.0,2.8,False
368,10,328.1183288840273,,<source.processFunctions_WH.WaterHeater object at 0x7f9fe1cb2d80>,0.0,2.6,False
369,10,328.1152441677771,,<source.processFunctions_WH.WaterHeater object at 0x7f9fe1cb2db0>,0.0,2.0,False
370,10,328.10419625966375,,<source.processFunctions_WH.WaterHeater object at 0x7f9fe1cb2de0>,0.0,2.0,False
371,10,328.1185481262767,,<source.processFunctions_WH.WaterHeater object at 0x7f9fe1cb2e10>,0.0,2.4,False
372,10,328.1241227005171,,<source.processFunctions_WH.WaterHeater object at 0x7f9fe1cb2e40>,0.0,3.0,False
373,10,328.11933008612505,,<source.processFunctions_WH.WaterHeater object at 0x7f9fe1cb2e70>,0.0,2.6,False
374,10,328.1206521159509,,<source.processFunctions_WH.WaterHeater object at 0x7f9fe1cb2ea0>,0.0,3.0,False
375,10,328.1127545825734,,<source.processFunctions_WH.WaterHeater object at 0x7f9fe1cb2ed0>,0.0,2.2,False
376,10,328.1199479954674,,<source.processFunctions_WH.WaterHeater object at 0x7f9fe1cb2f00>,0.0,2.6,False
377,10,328.1151753386689,,<source.processFunctions_WH.WaterHeater object at 0x7f9fe1cb2f30>,0.0,2.2,False
378,10,328.11437956968535,,<source.processFunctions_WH.WaterHeater object at 0x7f9fe1cb2f60>,0.0,2.0,False
379,10,328.1150298283488,,<source.processFunctions_WH.WaterHeater object at 0x7f9fe1cb2f90>,0.0,2.2,False
380,10,328.12308290992894,,<source.processFunctions_WH.WaterHeater object at 0x7f9fe1cb2fc0>,0.0,2.8,False
381,10,328.11853828495487,,<source.processFunctions_WH.WaterHeater object at 0x7f9fe1cb2ff0>,0.0,2.6,False
382,10,328.1160024683799,,<source.processFunctions_WH.WaterHeater object at 0x7f9fe1cb3020>,0.0,2.4,False
383,10,328.1181475388091,,<source.processFunctions_WH.WaterHeater object at 0x7f9fe1cb3050>,0.0,2.6,False
384,10,328.12063589117673,,<source.processFunctions_WH.WaterHeater object at 0x7f9fe1cb3080>,0.0,2.8,False
385,10,328.11749059334545,,<source.processFunctions_WH.WaterHeater object at 0x7f9fe1cb30b0>,0.0,2.2,False
386,10,328.11413851953773,,<source.processFunctions_WH.WaterHeater object at 0x7f9fe1cb30e0>,0.0,2.4,False
387,10,328.12197700030316,,<source.processFunctions_WH.WaterHeater object at 0x7f9fe1cb3110>,0.0,2.8,False
388,10,328.1077831769966,,<source.processFunctions_WH.WaterHeater object at 0x7f9fe1cb3140>,0.0,2.0,False
389,10,328.107902896994,,<source.processFunctions_WH.WaterHeater object at 0x7f9fe1cb3170>,0.0,2.0,False
390,10,328.1180948099433,,<source.processFunctions_WH.WaterHeater object at 0x7f9fe1cb31a0>,0.0,2.6,False
391,10,328.12088675223015,,<source.processFunctions_WH.WaterHeater object at 0x7f9fe1cb31d0>,0.0,2.4,False
392,10,328.1137135603116,,<source.processFunctions_WH.WaterHeater object at 0x7f9fe1cb3200>,0.0,2.2,False
393,10,328.1144909554253,,<source.processFunctions_WH.WaterHeater object at 0x7f9fe1cb3230>,0.0,2.4,False
394,10,328.1242133075052,,<source.processFunctions_WH.WaterHeater object at 0x7f9fe1cb3260>,0.0,3.0,False
395,10,328.12124615978837,,<source.processFunctions_WH.WaterHeater object at 0x7f9fe1cb3290>,0.0,2.6,False
396,10,328.1094488701329,,<source.processFunctions_WH.WaterHeater object at 0x7f9fe1cb32c0>,0.0,2.0,False
397,10,328.12160732101825,,<source.processFunctions_WH.WaterHeater object at 0x7f9fe1cb32f0>,0.0,2.8,False
398,10,328.11586549686524,,<source.processFunctions_WH.WaterHeater object at 0x7f9fe1cb3320>,0.0,2.4,False
399,10,328.1227595722222,,<source.processFunctions_WH.WaterHeater object at 0x7f9fe1cb3350>,0.0,3.0,False
400,10,328.1084169683346,,<source.processFunctions_WH.WaterHeater object at 0x7f9fe1cb3380>,0.0,2.0,False
401,10,328.1218140123198,,<source.processFunctions_WH.WaterHeater object at 0x7f9fe1cb33b0>,0.0,2.8,False
402,10,328.1104992968495,,<source.processFunctions_WH.WaterHeater object at 0x7f9fe1cb33e0>,0.0,2.0,False
403,10,328.11602901070495,,<source.processFunctions_WH.WaterHeater object at 0x7f9fe1cb3410>,0.0,2.2,False
404,10,328.12445325918134,,<source.processFunctions_WH.WaterHeater object at 0x7f9fe1cb3440>,0.0,3.0,False
405,10,328.1123227914943,,<source.processFunctions_WH.WaterHeater object at 0x7f9fe1cb3470>,0.0,2.0,False
406,10,328.1230952934196,,<source.processFunctions_WH.WaterHeater object at 0x7f9fe1cb34a0>,0.0,2.8,False
407,10,328.11508989918224,,<source.processFunctions_WH.WaterHeater object at 0x7f9fe1cb34d0>,0.0,2.2,False
408,10,328.1140172600418,,<source.processFunctions_WH.WaterHeater object at 0x7f9fe1cb3500>,0.0,2.2,False
409,10,328.12247359922526,,<source.processFunctions_WH.WaterHeater object at 0x7f9fe1cb3530>,0.0,2.6,False
410,10,328.1167021084036,,<source.processFunctions_WH.WaterHeater object at 0x7f9fe1cb3560>,0.0,2.2,False
411,10,328.11345926968056,,<source.processFunctions_WH.WaterHeater object at 0x7f9fe1cb3590>,0.0,2.2,False
412,10,328.123120608167,,<source.processFunctions_WH.WaterHeater object at 0x7f9fe1cb35c0>,0.0,3.0,False
413,10,328.12252230774226,,<source.processFunctions_WH.WaterHeater object at 0x7f9fe1cb35f0>,0.0,3.0,False
414,10,328.12104853972164,,<source.processFunctions_WH.WaterHeater object at 0x7f9fe1cb3620>,0.0,2.6,False
415,10,328.12128957062976,,<source.processFunctions_WH.WaterHeater object at 0x7f9fe1cb3650>,0.0,3.0,False
416,10,328.10770396151736,,<source.processFunctions_WH.WaterHeater object at 0x7f9fe1cb3680>,0.0,2.0,False
417,10,328.116264225687,,<source.processFunctions_WH.WaterHeater object at 0x7f9fe1cb36b0>,0.0,2.4,False
418,10,328.12551795127956,,<source.processFunctions_WH.WaterHeater object at 0x7f9fe1cb36e0>,0.0,3.0,False
419,10,328.10462110910953,,<source.processFunctions_WH.WaterHeater object at 0x7f9fe1cb3710>,0.0,2.0,False
420,10,328.1219153365282,,<source.processFunctions_WH.WaterHeater object at 0x7f9fe1cb3740>,0.0,2.8,False
421,10,328.1171634967538,,<source.processFunctions_WH.WaterHeater object at 0x7f9fe1cb3770>,0.0,2.2,False
422,10,328.12273516680244,,<source.processFunctions_WH.WaterHeater object at 0x7f9fe1cb37a0>,0.0,3.0,False
423,10,328.1204045763403,,<source.processFunctions_WH.WaterHeater object at 0x7f9fe1cb37d0>,0.0,2.4,False
424,10,328.12415207288063,,<source.processFunctions_WH.WaterHeater object at 0x7f9fe1cb3800>,0.0,3.0,False
425,10,328.1244440901962,,<source.processFunctions_WH.WaterHeater object at 0x7f9fe1cb3830>,0.0,3.0,False
426,10,328.11506321677194,,<source.processFunctions_WH.WaterHeater object at 0x7f9fe1cb3860>,0.0,2.2,False
427,10,328.112636405669,,<source.processFunctions_WH.WaterHeater object at 0x7f9fe1cb3890>,0.0,2.0,False
428,10,323.4593512454021,,<source.processFunctions_WH.WaterHeater object at 0x7f9fe1cb38c0>,2.4,0.0,True
429,10,328.1115039039118,,<source.processFunctions_WH.WaterHeater object at 0x7f9fe1cb38f0>,0.0,2.0,False
430,10,328.12178196054987,,<source.processFunctions_WH.WaterHeater object at 0x7f9fe1cb3920>,0.0,3.0,False
431,10,328.12506969908566,,<source.processFunctions_WH.WaterHeater object at 0x7f9fe1cb3950>,0.0,3.0,False
432,10,328.12162618990186,,<source.processFunctions_WH.WaterHeater object at 0x7f9fe1cb3980>,0.0,3.0,False
433,10,328.1227469470099,,<source.processFunctions_WH.WaterHeater object at 0x7f9fe1cb39b0>,0.0,3.0,False
434,10,328.114639463412,,<source.processFunctions_WH.WaterHeater object at 0x7f9fe1cb39e0>,0.0,2.4,False
435,10,328.1084349745681,,<source.processFunctions_WH.WaterHeater object at 0x7f9fe1cb3a10>,0.0,2.0,False
436,10,328.12238452393655,,<source.processFunctions_WH.WaterHeater object at 0x7f9fe1cb3a40>,0.0,2.8,False
437,10,328.1163604625761,,<source.processFunctions_WH.WaterHeater object at 0x7f9fe1cb3a70>,0.0,2.4,False
438,10,328.1234714304887,,<source.processFunctions_WH.WaterHeater object at 0x7f9fe1cb3aa0>,0.0,3.0,False
439,10,328.119614582719,,<source.processFunctions_WH.WaterHeater object at 0x7f9fe1cb3ad0>,0.0,2.6,False
440,10,328.1150945926389,,<source.processFunctions_WH.WaterHeater object at 0x7f9fe1cb3b00>,0.0,2.4,False
441,10,328.11118512768496,,<source.processFunctions_WH.WaterHeater object at 0x7f9fe1cb3b30>,0.0,2.0,False
442,10,328.1152912348778,,<source.processFunctions_WH.WaterHeater object at 0x7f9fe1cb3b60>,0.0,2.0,False
443,10,328.1193388972272,,<source.processFunctions_WH.WaterHeater object at 0x7f9fe1cb3b90>,0.0,2.6,False
444,10,328.11539669613137,,<source.processFunctions_WH.WaterHeater object at 0x7f9fe1cb3bc0>,0.0,2.2,False
445,10,328.1225863776907,,<source.processFunctions_WH.WaterHeater object at 0x7f9fe1cb3bf0>,0.0,2.8,False
446,10,328.11721296183293,,<source.processFunctions_WH.WaterHeater object at 0x7f9fe1cb3c20>,0.0,2.4,False
447,10,328.1213693110793,,<source.processFunctions_WH.WaterHeater object at 0x7f9fe1cb3c50>,0.0,3.0,False
448,10,328.12096835452473,,<source.processFunctions_WH.WaterHeater object at 0x7f9fe1cb3c80>,0.0,2.6,False
449,10,328.11204720920597,,<source.processFunctions_WH.WaterHeater object at 0x7f9fe1cb3cb0>,0.0,2.2,False
450,10,328.04513014268366,,<source.processFunctions_WH.WaterHeater object at 0x7f9fe1cb3ce0>,0.0,2.0,False
451,10,328.118148387426,,<source.processFunctions_WH.WaterHeater object at 0x7f9fe1cb3d10>,0.0,2.6,False
452,10,328.1209242173676,,<source.processFunctions_WH.WaterHeater object at 0x7f9fe1cb3d40>,0.0,2.8,False
453,10,328.1239925027804,,<source.processFunctions_WH.WaterHeater object at 0x7f9fe1cb3d70>,0.0,3.0,False
454,10,328.1089662250335,,<source.processFunctions_WH.WaterHeater object at 0x7f9fe1cb3da0>,0.0,2.0,False
455,10,328.1191380233993,,<source.processFunctions_WH.WaterHeater object at 0x7f9fe1cb3dd0>,0.0,2.6,False
456,10,328.1196011882227,,<source.processFunctions_WH.WaterHeater object at 0x7f9fe1cb3e00>,0.0,2.6,False
457,10,328.12189496319303,,<source.processFunctions_WH.WaterHeater object at 0x7f9fe1cb3e30>,0.0,2.6,False
458,10,328.11590359812146,,<source.processFunctions_WH.WaterHeater object at 0x7f9fe1cb3e60>,0.0,2.4,False
459,10,328.1226692781841,,<source.processFunctions_WH.WaterHeater object at 0x7f9fe1cb3e90>,0.0,2.8,False
460,10,328.1121891335689,,<source.processFunctions_WH.WaterHeater object at 0x7f9fe1cb3ec0>,0.0,2.0,False
461,10,328.1126687624955,,<source.processFunctions_WH.WaterHeater object at 0x7f9fe1cb3ef0>,0.0,2.0,False
462,10,328.1036762923261,,<source.processFunctions_WH.WaterHeater object at 0x7f9fe1cb3f20>,0.0,2.6,False
463,10,328.119851399911,,<source.processFunctions_WH.WaterHeater object at 0x7f9fe1cb3f50>,0.0,2.6,False
464,10,328.1191781393414,,<source.processFunctions_WH.WaterHeater object at 0x7f9fe1cb3f80>,0.0,2.6,False
465,10,328.1152007143793,,<source.processFunctions_WH.WaterHeater object at 0x7f9fe1cb3fb0>,0.0,2.2,False
466,10,328.12465693846815,,<source.processFunctions_WH.WaterHeater object at 0x7f9fe1cb3fe0>,0.0,3.0,False
467,10,328.1207048097367,,<source.processFunctions_WH.WaterHeater object at 0x7f9fe19f8050>,0.0,2.8,False
468,10,328.12275705799925,,<source.processFunctions_WH.WaterHeater object at 0x7f9fe19f8080>,0.0,3.0,False
469,10,328.1226979559118,,<source.processFunctions_WH.WaterHeater object at 0x7f9fe19f80b0>,0.0,3.0,False
470,10,328.1161906626502,,<source.processFunctions_WH.WaterHeater object at 0x7f9fe19f80e0>,0.0,2.2,False
471,10,328.12397330660883,,<source.processFunctions_WH.WaterHeater object at 0x7f9fe19f8110>,0.0,3.0,False
472,10,328.1188576084056,,<source.processFunctions_WH.WaterHeater object at 0x7f9fe19f8140>,0.0,2.6,False
473,10,328.1225221685339,,<source.processFunctions_WH.WaterHeater object at 0x7f9fe19f8170>,0.0,2.8,False
474,10,328.12170356383933,,<source.processFunctions_WH.WaterHeater object at 0x7f9fe19f81a0>,0.0,2.8,False
475,10,328.1103188877839,,<source.processFunctions_WH.WaterHeater object at 0x7f9fe19f81d0>,0.0,2.2,False
476,10,328.10882090073954,,<source.processFunctions_WH.WaterHeater object at 0x7f9fe19f8200>,0.0,2.0,False
477,10,328.11163829809175,,<source.processFunctions_WH.WaterHeater object at 0x7f9fe19f8230>,0.0,2.4,False
478,10,328.12142730154216,,<source.processFunctions_WH.WaterHeater object at 0x7f9fe19f8260>,0.0,2.6,False
479,10,328.11323126161835,,<source.processFunctions_WH.WaterHeater object at 0x7f9fe19f8290>,0.0,2.2,False
480,10,328.1115100744602,,<source.processFunctions_WH.WaterHeater object at 0x7f9fe19f82c0>,0.0,2.2,False
481,10,328.1087836150467,,<source.processFunctions_WH.WaterHeater object at 0x7f9fe19f82f0>,0.0,2.0,False
482,10,328.11767388136434,,<source.processFunctions_WH.WaterHeater object at 0x7f9fe19f8320>,0.0,2.2,False
483,10,328.1159877726627,,<source.processFunctions_WH.WaterHeater object at 0x7f9fe19f8350>,0.0,2.4,False
484,10,328.1227137795337,,<source.processFunctions_WH.WaterHeater object at 0x7f9fe19f8380>,0.0,3.0,False
485,10,328.11339710389154,,<source.processFunctions_WH.WaterHeater object at 0x7f9fe19f83b0>,0.0,2.2,False
486,10,328.1225753996308,,<source.processFunctions_WH.WaterHeater object at 0x7f9fe19f83e0>,0.0,2.8,False
487,10,328.1227081602162,,<source.processFunctions_WH.WaterHeater object at 0x7f9fe19f8410>,0.0,3.0,False
488,10,328.1139042550217,,<source.processFunctions_WH.WaterHeater object at 0x7f9fe19f8440>,0.0,2.2,False
489,10,328.1226300436572,,<source.processFunctions_WH.WaterHeater object at 0x7f9fe19f8470>,0.0,2.8,False
490,10,328.1198619047697,,<source.processFunctions_WH.WaterHeater object at 0x7f9fe19f84a0>,0.0,2.6,False
491,10,328.11389008163223,,<source.processFunctions_WH.WaterHeater object at 0x7f9fe19f84d0>,0.0,2.2,False
492,10,328.108994499246,,<source.processFunctions_WH.WaterHeater object at 0x7f9fe19f8500>,0.0,2.0,False
493,10,328.11141952736796,,<source.processFunctions_WH.WaterHeater object at 0x7f9fe19f8530>,0.0,2.0,False
494,10,328.1166046212834,,<source.processFunctions_WH.WaterHeater object at 0x7f9fe19f8560>,0.0,2.2,False
495,10,328.1193288569734,,<source.processFunctions_WH.WaterHeater object at 0x7f9fe19f8590>,0.0,2.6,False
496,10,328.12539046678705,,<source.processFunctions_WH.WaterHeater object at 0x7f9fe19f85c0>,0.0,3.0,False
497,10,328.118943731508,,<source.processFunctions_WH.WaterHeater object at 0x7f9fe19f85f0>,0.0,2.6,False
498,10,328.1086895346053,,<source.processFunctions_WH.WaterHeater object at 0x7f9fe19f8620>,0.0,2.0,False
499,10,328.1159189580495,,<source.processFunctions_WH.WaterHeater object at 0x7f9fe19f8650>,0.0,2.4,False
500,10,328.116132132694,,<source.processFunctions_WH.WaterHeater object at 0x7f9fe19f8680>,0.0,2.2,False
501,10,328.1234833098031,,<source.processFunctions_WH.WaterHeater object at 0x7f9fe19f86b0>,0.0,2.8,False
502,10,328.10930104743363,,<source.processFunctions_WH.WaterHeater object at 0x7f9fe19f86e0>,0.0,2.2,False
503,10,328.10756571831985,,<source.processFunctions_WH.WaterHeater object at 0x7f9fe19f8710>,0.0,2.0,False
504,10,328.1204660092921,,<source.processFunctions_WH.WaterHeater object at 0x7f9fe19f8740>,0.0,2.4,False
505,10,328.11156374888253,,<source.processFunctions_WH.WaterHeater object at 0x7f9fe19f8770>,0.0,2.2,False
506,10,328.11954864096015,,<source.processFunctions_WH.WaterHeater object at 0x7f9fe19f87a0>,0.0,2.8,False
507,10,328.1105121341318,,<source.processFunctions_WH.WaterHeater object at 0x7f9fe19f87d0>,0.0,2.0,False
508,10,328.12232237736043,,<source.processFunctions_WH.WaterHeater object at 0x7f9fe19f8800>,0.0,2.6,False
509,10,328.111331484939,,<source.processFunctions_WH.WaterHeater object at 0x7f9fe19f8830>,0.0,2.0,False
510,10,328.1182930934781,,<source.processFunctions_WH.WaterHeater object at 0x7f9fe19f8860>,0.0,2.4,False
511,10,328.1124402264245,,<source.processFunctions_WH.WaterHeater object at 0x7f9fe19f8890>,0.0,2.2,False
512,10,328.1169437068161,,<source.processFunctions_WH.WaterHeater object at 0x7f9fe19f88c0>,0.0,2.2,False
513,10,328.1106799406559,,<source.processFunctions_WH.WaterHeater object at 0x7f9fe19f88f0>,0.0,2.0,False
514,10,328.1215440548628,,<source.processFunctions_WH.WaterHeater object at 0x7f9fe19f8920>,0.0,2.6,False
515,10,328.11127262958746,,<source.processFunctions_WH.WaterHeater object at 0x7f9fe19f8950>,0.0,2.0,False
516,10,328.11636270870315,,<source.processFunctions_WH.WaterHeater object at 0x7f9fe19f8980>,0.0,2.2,False
517,10,328.1229791339882,,<source.processFunctions_WH.WaterHeater object at 0x7f9fe19f89b0>,0.0,3.0,False
518,10,328.1231508615661,,<source.processFunctions_WH.WaterHeater object at 0x7f9fe19f89e0>,0.0,3.0,False
519,10,328.1240211831005,,<source.processFunctions_WH.WaterHeater object at 0x7f9fe19f8a10>,0.0,2.8,False
520,10,328.1204370235969,,<source.processFunctions_WH.WaterHeater object at 0x7f9fe19f8a40>,0.0,3.0,False
521,10,328.11351483716123,,<source.processFunctions_WH.WaterHeater object at 0x7f9fe19f8a70>,0.0,2.2,False
522,10,328.1179297230601,,<source.processFunctions_WH.WaterHeater object at 0x7f9fe19f8aa0>,0.0,2.4,False
523,10,328.11264430859774,,<source.processFunctions_WH.WaterHeater object at 0x7f9fe19f8ad0>,0.0,2.4,False
524,10,328.11442409349974,,<source.processFunctions_WH.WaterHeater object at 0x7f9fe19f8b00>,0.0,2.2,False
525,10,328.11622135669893,,<source.processFunctions_WH.WaterHeater object at 0x7f9fe19f8b30>,0.0,2.0,False
526,10,328.118622761158,,<source.processFunctions_WH.WaterHeater object at 0x7f9fe19f8b60>,0.0,2.4,False
527,10,328.11313311553084,,<source.processFunctions_WH.WaterHeater object at 0x7f9fe19f8b90>,0.0,2.0,False
528,10,328.11915773684495,,<source.processFunctions_WH.WaterHeater object at 0x7f9fe19f8bc0>,0.0,2.6,False
529,10,328.11622321669114,,<source.processFunctions_WH.WaterHeater object at 0x7f9fe19f8bf0>,0.0,2.6,False
530,10,328.1224624441362,,<source.processFunctions_WH.WaterHeater object at 0x7f9fe19f8c20>,0.0,2.8,False
531,10,328.1217438949973,,<source.processFunctions_WH.WaterHeater object at 0x7f9fe19f8c50>,0.0,2.8,False
532,10,328.1147807914311,,<source.processFunctions_WH.WaterHeater object at 0x7f9fe19f8c80>,0.0,2.2,False
533,10,328.1148968328299,,<source.processFunctions_WH.WaterHeater object at 0x7f9fe19f8cb0>,0.0,2.2,False
534,10,328.10889802081704,,<source.processFunctions_WH.WaterHeater object at 0x7f9fe19f8ce0>,0.0,2.0,False
535,10,328.1228327834965,,<source.processFunctions_WH.WaterHeater object at 0x7f9fe19f8d10>,0.0,2.8,False
536,10,328.121959663668,,<source.processFunctions_WH.WaterHeater object at 0x7f9fe19f8d40>,0.0,3.0,False
537,10,328.1178266486804,,<source.processFunctions_WH.WaterHeater object at 0x7f9fe19f8d70>,0.0,2.6,False
538,10,328.11543059321133,,<source.processFunctions_WH.WaterHeater object at 0x7f9fe19f8da0>,0.0,2.2,False
539,10,328.1189678553652,,<source.processFunctions_WH.WaterHeater object at 0x7f9fe19f8dd0>,0.0,2.6,False
540,10,328.11596698514956,,<source.processFunctions_WH.WaterHeater object at 0x7f9fe19f8e00>,0.0,2.4,False
541,10,328.12419082434224,,<source.processFunctions_WH.WaterHeater object at 0x7f9fe19f8e30>,0.0,3.0,False
542,10,328.11593034839325,,<source.processFunctions_WH.WaterHeater object at 0x7f9fe19f8e60>,0.0,2.0,False
543,10,328.1181608450192,,<source.processFunctions_WH.WaterHeater object at 0x7f9fe19f8e90>,0.0,2.6,False
544,10,328.11510421486173,,<source.processFunctions_WH.WaterHeater object at 0x7f9fe19f8ec0>,0.0,2.2,False
545,10,328.1196912023196,,<source.processFunctions_WH.WaterHeater object at 0x7f9fe19f8ef0>,0.0,2.8,False
546,10,328.1212259175214,,<source.processFunctions_WH.WaterHeater object at 0x7f9fe19f8f20>,0.0,3.0,False
547,10,328.11704721525297,,<source.processFunctions_WH.WaterHeater object at 0x7f9fe19f8f50>,0.0,2.6,False
548,10,328.1216632412114,,<source.processFunctions_WH.WaterHeater object at 0x7f9fe19f8f80>,0.0,2.8,False
549,10,328.111363030883,,<source.processFunctions_WH.WaterHeater object at 0x7f9fe19f8fb0>,0.0,2.0,False
550,10,328.1230026783489,,<source.processFunctions_WH.WaterHeater object at 0x7f9fe19f8fe0>,0.0,3.0,False
551,10,328.111459304882,,<source.processFunctions_WH.WaterHeater object at 0x7f9fe19f9010>,0.0,2.0,False
552,10,328.115718312303,,<source.processFunctions_WH.WaterHeater object at 0x7f9fe19f9040>,0.0,2.2,False
553,10,328.1138157857396,,<source.processFunctions_WH.WaterHeater object at 0x7f9fe19f9070>,0.0,2.0,False
554,10,328.1235324045417,,<source.processFunctions_WH.WaterHeater object at 0x7f9fe19f90a0>,0.0,3.0,False
555,10,328.11192904261,,<source.processFunctions_WH.WaterHeater object at 0x7f9fe19f90d0>,0.0,2.2,False
556,10,328.1131107273206,,<source.processFunctions_WH.WaterHeater object at 0x7f9fe19f9100>,0.0,2.2,False
557,10,328.109204227771,,<source.processFunctions_WH.WaterHeater object at 0x7f9fe19f9130>,0.0,2.0,False
558,10,328.1128882974447,,<source.processFunctions_WH.WaterHeater object at 0x7f9fe19f9160>,0.0,2.2,False
559,10,328.1247644459665,,<source.processFunctions_WH.WaterHeater object at 0x7f9fe19f9190>,0.0,3.0,False
560,10,328.11435425757907,,<source.processFunctions_WH.WaterHeater object at 0x7f9fe19f91c0>,0.0,2.4,False
561,10,328.1061131915734,,<source.processFunctions_WH.WaterHeater object at 0x7f9fe19f91f0>,0.0,2.0,False
562,10,328.1216850984819,,<source.processFunctions_WH.WaterHeater object at 0x7f9fe19f9220>,0.0,2.8,False
563,10,328.1232428878427,,<source.processFunctions_WH.WaterHeater object at 0x7f9fe19f9250>,0.0,3.0,False
564,10,328.1195069837961,,<source.processFunctions_WH.WaterHeater object at 0x7f9fe19f9280>,0.0,2.4,False
565,10,328.10834042325484,,<source.processFunctions_WH.WaterHeater object at 0x7f9fe19f92b0>,0.0,2.0,False
566,10,328.1220710062068,,<source.processFunctions_WH.WaterHeater object at 0x7f9fe19f92e0>,0.0,3.0,False
567,10,328.12048206529863,,<source.processFunctions_WH.WaterHeater object at 0x7f9fe19f9310>,0.0,2.8,False
568,10,328.12170079328064,,<source.processFunctions_WH.WaterHeater object at 0x7f9fe19f9340>,0.0,2.8,False
569,10,328.121239108511,,<source.processFunctions_WH.WaterHeater object at 0x7f9fe19f9370>,0.0,2.6,False
570,10,328.1060881643698,,<source.processFunctions_WH.WaterHeater object at 0x7f9fe19f93a0>,0.0,2.0,False
571,10,328.121649173886,,<source.processFunctions_WH.WaterHeater object at 0x7f9fe19f93d0>,0.0,3.0,False
572,10,328.1172541498076,,<source.processFunctions_WH.WaterHeater object at 0x7f9fe19f9400>,0.0,2.2,False
573,10,328.1104954636719,,<source.processFunctions_WH.WaterHeater object at 0x7f9fe19f9430>,0.0,2.0,False
574,10,328.1210191255868,,<source.processFunctions_WH.WaterHeater object at 0x7f9fe19f9460>,0.0,2.6,False
575,10,328.1191621037625,,<source.processFunctions_WH.WaterHeater object at 0x7f9fe19f9490>,0.0,2.2,False
576,10,328.1186749167444,,<source.processFunctions_WH.WaterHeater object at 0x7f9fe19f94c0>,0.0,2.6,False
577,10,328.12266867278635,,<source.processFunctions_WH.WaterHeater object at 0x7f9fe19f94f0>,0.0,2.8,False
578,10,328.11852980679464,,<source.processFunctions_WH.WaterHeater object at 0x7f9fe19f9520>,0.0,2.6,False
579,10,328.11775814864745,,<source.processFunctions_WH.WaterHeater object at 0x7f9fe19f9550>,0.0,2.6,False
580,10,328.12029191044223,,<source.processFunctions_WH.WaterHeater object at 0x7f9fe19f9580>,0.0,2.4,False
581,10,328.1228754574774,,<source.processFunctions_WH.WaterHeater object at 0x7f9fe19f95b0>,0.0,3.0,False
582,10,328.1156705309104,,<source.processFunctions_WH.WaterHeater object at 0x7f9fe19f95e0>,0.0,2.2,False
583,10,328.10965299350175,,<source.processFunctions_WH.WaterHeater object at 0x7f9fe19f9610>,0.0,2.0,False
584,10,328.1159567947896,,<source.processFunctions_WH.WaterHeater object at 0x7f9fe19f9640>,0.0,2.0,False
585,10,328.1117597111887,,<source.processFunctions_WH.WaterHeater object at 0x7f9fe19f9670>,0.0,2.0,False
586,10,328.1222920888896,,<source.processFunctions_WH.WaterHeater object at 0x7f9fe19f96a0>,0.0,2.8,False
587,10,328.1201636484045,,<source.processFunctions_WH.WaterHeater object at 0x7f9fe19f96d0>,0.0,2.6,False
588,10,328.11958172006575,,<source.processFunctions_WH.WaterHeater object at 0x7f9fe19f9700>,0.0,2.6,False
589,10,328.1205500023973,,<source.processFunctions_WH.WaterHeater object at 0x7f9fe19f9730>,0.0,2.6,False
590,10,328.11487461091735,,<source.processFunctions_WH.WaterHeater object at 0x7f9fe19f9760>,0.0,2.2,False
591,10,328.1231486608499,,<source.processFunctions_WH.WaterHeater object at 0x7f9fe19f9790>,0.0,3.0,False
592,10,328.1228570120359,,<source.processFunctions_WH.WaterHeater object at 0x7f9fe19f97c0>,0.0,2.8,False
593,10,328.1222045258619,,<source.processFunctions_WH.WaterHeater object at 0x7f9fe19f97f0>,0.0,3.0,False
594,10,328.11847799488555,,<source.processFunctions_WH.WaterHeater object at 0x7f9fe19f9820>,0.0,2.6,False
595,10,328.1206634997252,,<source.processFunctions_WH.WaterHeater object at 0x7f9fe19f9850>,0.0,2.6,False
596,10,328.11735148115724,,<source.processFunctions_WH.WaterHeater object at 0x7f9fe19f9880>,0.0,2.4,False
597,10,328.11876949661485,,<source.processFunctions_WH.WaterHeater object at 0x7f9fe19f98b0>,0.0,2.6,False
598,10,328.1211756516997,,<source.processFunctions_WH.WaterHeater object at 0x7f9fe19f98e0>,0.0,2.4,False
599,10,328.1159101483738,,<source.processFunctions_WH.WaterHeater object at 0x7f9fe19f9910>,0.0,2.2,False
600,10,328.1230443309172,,<source.processFunctions_WH.WaterHeater object at 0x7f9fe19f9940>,0.0,2.8,False
601,10,328.1140690432684,,<source.processFunctions_WH.WaterHeater object at 0x7f9fe19f9970>,0.0,2.2,False
602,10,328.121011234034,,<source.processFunctions_WH.WaterHeater object at 0x7f9fe19f99a0>,0.0,2.6,False
603,10,328.1073222738382,,<source.processFunctions_WH.WaterHeater object at 0x7f9fe19f99d0>,0.0,2.0,False
604,10,328.1133879663486,,<source.processFunctions_WH.WaterHeater object at 0x7f9fe19f9a00>,0.0,2.2,False
605,10,328.12256347501193,,<source.processFunctions_WH.WaterHeater object at 0x7f9fe19f9a30>,0.0,3.0,False
606,10,328.11657796744,,<source.processFunctions_WH.WaterHeater object at 0x7f9fe19f9a60>,0.0,2.6,False
607,10,328.1188146323788,,<source.processFunctions_WH.WaterHeater object at 0x7f9fe19f9a90>,0.0,2.4,False
608,10,328.1114220653371,,<source.processFunctions_WH.WaterHeater object at 0x7f9fe19f9ac0>,0.0,2.0,False
609,10,328.1226072642397,,<source.processFunctions_WH.WaterHeater object at 0x7f9fe19f9af0>,0.0,2.8,False
610,10,328.11539280138106,,<source.processFunctions_WH.WaterHeater object at 0x7f9fe19f9b20>,0.0,2.2,False
611,10,328.1193443582482,,<source.processFunctions_WH.WaterHeater object at 0x7f9fe19f9b50>,0.0,2.4,False
612,10,328.11492695004426,,<source.processFunctions_WH.WaterHeater object at 0x7f9fe19f9b80>,0.0,2.2,False
613,10,328.1122675039542,,<source.processFunctions_WH.WaterHeater object at 0x7f9fe19f9bb0>,0.0,2.0,False
614,10,328.1220036386245,,<source.processFunctions_WH.WaterHeater object at 0x7f9fe19f9be0>,0.0,2.8,False
615,10,328.1211714452961,,<source.processFunctions_WH.WaterHeater object at 0x7f9fe19f9c10>,0.0,2.8,False
616,10,328.12355524133443,,<source.processFunctions_WH.WaterHeater object at 0x7f9fe19f9c40>,0.0,2.8,False
617,10,328.12116536017294,,<source.processFunctions_WH.WaterHeater object at 0x7f9fe19f9c70>,0.0,2.8,False
618,10,328.1167855941235,,<source.processFunctions_WH.WaterHeater object at 0x7f9fe19f9ca0>,0.0,2.4,False
619,10,328.1204194656381,,<source.processFunctions_WH.WaterHeater object at 0x7f9fe19f9cd0>,0.0,2.6,False
620,10,328.114668770153,,<source.processFunctions_WH.WaterHeater object at 0x7f9fe19f9d00>,0.0,2.2,False
621,10,328.1102494786527,,<source.processFunctions_WH.WaterHeater object at 0x7f9fe19f9d30>,0.0,2.2,False
622,10,328.1141593987527,,<source.processFunctions_WH.WaterHeater object at 0x7f9fe19f9d60>,0.0,2.0,False
623,10,328.12558149680115,,<source.processFunctions_WH.WaterHeater object at 0x7f9fe19f9d90>,0.0,3.0,False
624,10,328.1135649846878,,<source.processFunctions_WH.WaterHeater object at 0x7f9fe19f9dc0>,0.0,2.0,False
625,10,328.10996862660545,,<source.processFunctions_WH.WaterHeater object at 0x7f9fe19f9df0>,0.0,2.0,False
626,10,328.114710748141,,<source.processFunctions_WH.WaterHeater object at 0x7f9fe19f9e20>,0.0,2.4,False
627,10,328.12072774846865,,<source.processFunctions_WH.WaterHeater object at 0x7f9fe19f9e50>,0.0,2.6,False
628,10,328.1202628696834,,<source.processFunctions_WH.WaterHeater object at 0x7f9fe19f9e80>,0.0,2.6,False
629,10,328.12486159516277,,<source.processFunctions_WH.WaterHeater object at 0x7f9fe19f9eb0>,0.0,3.0,False
630,10,328.1112146190053,,<source.processFunctions_WH.WaterHeater object at 0x7f9fe19f9ee0>,0.0,2.2,False
631,10,328.11109040355456,,<source.processFunctions_WH.WaterHeater object at 0x7f9fe19f9f10>,0.0,2.0,False
632,10,328.11085702957473,,<source.processFunctions_WH.WaterHeater object at 0x7f9fe19f9f40>,0.0,2.0,False
633,10,328.1151261049455,,<source.processFunctions_WH.WaterHeater object at 0x7f9fe19f9f70>,0.0,2.0,False
634,10,328.12139736109657,,<source.processFunctions_WH.WaterHeater object at 0x7f9fe19f9fa0>,0.0,3.0,False
635,10,328.1227232781355,,<source.processFunctions_WH.WaterHeater object at 0x7f9fe19f9fd0>,0.0,2.8,False
636,10,328.1138400247771,,<source.processFunctions_WH.WaterHeater object at 0x7f9fe19fa000>,0.0,2.0,False
637,10,328.121952300504,,<source.processFunctions_WH.WaterHeater object at 0x7f9fe19fa030>,0.0,2.8,False
638,10,328.1210945607488,,<source.processFunctions_WH.WaterHeater object at 0x7f9fe19fa060>,0.0,2.4,False
639,10,328.12552790233497,,<source.processFunctions_WH.WaterHeater object at 0x7f9fe19fa090>,0.0,3.0,False
640,10,328.1143360452903,,<source.processFunctions_WH.WaterHeater object at 0x7f9fe19fa0c0>,0.0,2.0,False
641,10,328.1102878925762,,<source.processFunctions_WH.WaterHeater object at 0x7f9fe19fa0f0>,0.0,2.0,False
642,10,328.12331308950104,,<source.processFunctions_WH.WaterHeater object at 0x7f9fe19fa120>,0.0,3.0,False
643,10,328.1193302538471,,<source.processFunctions_WH.WaterHeater object at 0x7f9fe19fa150>,0.0,2.6,False
644,10,328.1148486819025,,<source.processFunctions_WH.WaterHeater object at 0x7f9fe19fa180>,0.0,2.4,False
645,10,328.11796812776583,,<source.processFunctions_WH.WaterHeater object at 0x7f9fe19fa1b0>,0.0,2.6,False
646,10,328.11533446529967,,<source.processFunctions_WH.WaterHeater object at 0x7f9fe19fa1e0>,0.0,2.4,False
647,10,328.1225458078636,,<source.processFunctions_WH.WaterHeater object at 0x7f9fe19fa210>,0.0,3.0,False
648,10,328.11832460690437,,<source.processFunctions_WH.WaterHeater object at 0x7f9fe19fa240>,0.0,2.4,False
649,10,328.11175214260567,,<source.processFunctions_WH.WaterHeater object at 0x7f9fe19fa270>,0.0,2.0,False
650,10,328.12212705585813,,<source.processFunctions_WH.WaterHeater object at 0x7f9fe19fa2a0>,0.0,2.8,False
651,10,328.1159845558174,,<source.processFunctions_WH.WaterHeater object at 0x7f9fe19fa2d0>,0.0,2.4,False
652,10,328.12188976055137,,<source.processFunctions_WH.WaterHeater object at 0x7f9fe19fa300>,0.0,3.0,False
653,10,328.1232299087896,,<source.processFunctions_WH.WaterHeater object at 0x7f9fe19fa330>,0.0,3.0,False
654,10,328.1198575103962,,<source.processFunctions_WH.WaterHeater object at 0x7f9fe19fa360>,0.0,2.6,False
655,10,328.11743391568973,,<source.processFunctions_WH.WaterHeater object at 0x7f9fe19fa390>,0.0,2.8,False
656,10,328.125160794426,,<source.processFunctions_WH.WaterHeater object at 0x7f9fe19fa3c0>,0.0,3.0,False
657,10,328.11912027269335,,<source.processFunctions_WH.WaterHeater object at 0x7f9fe19fa3f0>,0.0,2.4,False
658,10,328.12143222538714,,<source.processFunctions_WH.WaterHeater object at 0x7f9fe19fa420>,0.0,3.0,False
659,10,328.1110310603611,,<source.processFunctions_WH.WaterHeater object at 0x7f9fe19fa450>,0.0,2.0,False
660,10,328.1172117924614,,<source.processFunctions_WH.WaterHeater object at 0x7f9fe19fa480>,0.0,2.4,False
661,10,328.1203829852273,,<source.processFunctions_WH.WaterHeater object at 0x7f9fe19fa4b0>,0.0,2.4,False
662,10,328.12132367048565,,<source.processFunctions_WH.WaterHeater object at 0x7f9fe19fa4e0>,0.0,3.0,False
663,10,328.1189553371209,,<source.processFunctions_WH.WaterHeater object at 0x7f9fe19fa510>,0.0,2.2,False
664,10,328.1210034643397,,<source.processFunctions_WH.WaterHeater object at 0x7f9fe19fa540>,0.0,2.8,False
665,10,328.11341163389915,,<source.processFunctions_WH.WaterHeater object at 0x7f9fe19fa570>,0.0,2.0,False
666,10,328.1214956823522,,<source.processFunctions_WH.WaterHeater object at 0x7f9fe19fa5a0>,0.0,3.0,False
667,10,328.1228365751547,,<source.processFunctions_WH.WaterHeater object at 0x7f9fe19fa5d0>,0.0,2.6,False
668,10,328.1219560903325,,<source.processFunctions_WH.WaterHeater object at 0x7f9fe19fa600>,0.0,2.8,False
669,10,328.11514209333353,,<source.processFunctions_WH.WaterHeater object at 0x7f9fe19fa630>,0.0,2.2,False
670,10,328.1232762342935,,<source.processFunctions_WH.WaterHeater object at 0x7f9fe19fa660>,0.0,2.8,False
671,10,328.1106315006899,,<source.processFunctions_WH.WaterHeater object at 0x7f9fe19fa690>,0.0,2.0,False
672,10,328.11124316156366,,<source.processFunctions_WH.WaterHeater object at 0x7f9fe19fa6c0>,0.0,2.0,False
673,10,328.1236824872449,,<source.processFunctions_WH.WaterHeater object at 0x7f9fe19fa6f0>,0.0,2.8,False
674,10,328.1075347716629,,<source.processFunctions_WH.WaterHeater object at 0x7f9fe19fa720>,0.0,2.0,False
675,10,328.12210015335836,,<source.processFunctions_WH.WaterHeater object at 0x7f9fe19fa750>,0.0,2.6,False
676,10,328.118419160915,,<source.processFunctions_WH.WaterHeater object at 0x7f9fe19fa780>,0.0,2.4,False
677,10,328.113248105763,,<source.processFunctions_WH.WaterHeater object at 0x7f9fe19fa7b0>,0.0,2.4,False
678,10,328.1166017625106,,<source.processFunctions_WH.WaterHeater object at 0x7f9fe19fa7e0>,0.0,2.4,False
679,10,328.11901960431794,,<source.processFunctions_WH.WaterHeater object at 0x7f9fe19fa810>,0.0,2.4,False
680,10,328.1075753675856,,<source.processFunctions_WH.WaterHeater object at 0x7f9fe19fa840>,0.0,2.0,False
681,10,328.1078546488043,,<source.processFunctions_WH.WaterHeater object at 0x7f9fe19fa870>,0.0,2.0,False
682,10,328.1186730059652,,<source.processFunctions_WH.WaterHeater object at 0x7f9fe19fa8a0>,0.0,2.4,False
683,10,328.116048865641,,<source.processFunctions_WH.WaterHeater object at 0x7f9fe19fa8d0>,0.0,2.4,False
684,10,328.11413372270613,,<source.processFunctions_WH.WaterHeater object at 0x7f9fe19fa900>,0.0,2.2,False
685,10,328.11740897945333,,<source.processFunctions_WH.WaterHeater object at 0x7f9fe19fa930>,0.0,2.6,False
686,10,328.114298065315,,<source.processFunctions_WH.WaterHeater object at 0x7f9fe19fa960>,0.0,2.2,False
687,10,328.12464310071914,,<source.processFunctions_WH.WaterHeater object at 0x7f9fe19fa990>,0.0,3.0,False
688,10,328.12182796803734,,<source.processFunctions_WH.WaterHeater object at 0x7f9fe19fa9c0>,0.0,3.0,False
689,10,328.1167728474991,,<source.processFunctions_WH.WaterHeater object at 0x7f9fe19fa9f0>,0.0,2.2,False
690,10,328.1112487310183,,<source.processFunctions_WH.WaterHeater object at 0x7f9fe19faa20>,0.0,2.0,False
691,10,328.1101024161588,,<source.processFunctions_WH.WaterHeater object at 0x7f9fe19faa50>,0.0,2.0,False
692,10,328.1146062936572,,<source.processFunctions_WH.WaterHeater object at 0x7f9fe19faa80>,0.0,2.2,False
693,10,328.11486923358416,,<source.processFunctions_WH.WaterHeater object at 0x7f9fe19faab0>,0.0,2.4,False
694,10,328.1185985155575,,<source.processFunctions_WH.WaterHeater object at 0x7f9fe19faae0>,0.0,2.4,False
695,10,328.1134259012666,,<source.processFunctions_WH.WaterHeater object at 0x7f9fe19fab10>,0.0,2.0,False
696,10,328.1207826889223,,<source.processFunctions_WH.WaterHeater object at 0x7f9fe19fab40>,0.0,3.0,False
697,10,328.1110553997204,,<source.processFunctions_WH.WaterHeater object at 0x7f9fe19fab70>,0.0,2.0,False
698,10,328.11730950222017,,<source.processFunctions_WH.WaterHeater object at 0x7f9fe19faba0>,0.0,2.4,False
699,10,328.12554059165103,,<source.processFunctions_WH.WaterHeater object at 0x7f9fe19fabd0>,0.0,3.0,False
700,10,328.1219570983758,,<source.processFunctions_WH.WaterHeater object at 0x7f9fe19fac00>,0.0,2.8,False
701,10,328.1174005156687,,<source.processFunctions_WH.WaterHeater object at 0x7f9fe19fac30>,0.0,2.4,False
702,10,328.11821230744897,,<source.processFunctions_WH.WaterHeater object at 0x7f9fe19fac60>,0.0,2.6,False
703,10,328.1159667016044,,<source.processFunctions_WH.WaterHeater object at 0x7f9fe19fac90>,0.0,2.4,False
704,10,328.12314757280626,,<source.processFunctions_WH.WaterHeater object at 0x7f9fe19facc0>,0.0,3.0,False
705,10,328.11179996460027,,<source.processFunctions_WH.WaterHeater object at 0x7f9fe19facf0>,0.0,2.0,False
706,10,328.1227730101484,,<source.processFunctions_WH.WaterHeater object at 0x7f9fe19fad20>,0.0,2.8,False
707,10,328.12307271302313,,<source.processFunctions_WH.WaterHeater object at 0x7f9fe19fad50>,0.0,3.0,False
708,10,328.1254624163275,,<source.processFunctions_WH.WaterHeater object at 0x7f9fe19fad80>,0.0,3.0,False
709,10,328.1191024316204,,<source.processFunctions_WH.WaterHeater object at 0x7f9fe19fadb0>,0.0,2.6,False
710,10,328.1195493517387,,<source.processFunctions_WH.WaterHeater object at 0x7f9fe19fade0>,0.0,2.6,False
711,10,328.1113981955235,,<source.processFunctions_WH.WaterHeater object at 0x7f9fe19fae10>,0.0,2.0,False
712,10,328.11869049932955,,<source.processFunctions_WH.WaterHeater object at 0x7f9fe19fae40>,0.0,2.4,False
713,10,328.11648769916445,,<source.processFunctions_WH.WaterHeater object at 0x7f9fe19fae70>,0.0,2.0,False
714,10,328.1205759188424,,<source.processFunctions_WH.WaterHeater object at 0x7f9fe19faea0>,0.0,2.8,False
715,10,328.124852706931,,<source.processFunctions_WH.WaterHeater object at 0x7f9fe19faed0>,0.0,3.0,False
716,10,328.110144635435,,<source.processFunctions_WH.WaterHeater object at 0x7f9fe19faf00>,0.0,2.0,False
717,10,328.1115929013579,,<source.processFunctions_WH.WaterHeater object at 0x7f9fe19faf30>,0.0,2.0,False
718,10,328.1116482495456,,<source.processFunctions_WH.WaterHeater object at 0x7f9fe19faf60>,0.0,2.0,False
719,10,328.12238015881417,,<source.processFunctions_WH.WaterHeater object at 0x7f9fe19faf90>,0.0,2.8,False
720,10,328.1096229549698,,<source.processFunctions_WH.WaterHeater object at 0x7f9fe19fafc0>,0.0,2.2,False
721,10,328.12239630666573,,<source.processFunctions_WH.WaterHeater object at 0x7f9fe19faff0>,0.0,2.8,False
722,10,328.12418087882776,,<source.processFunctions_WH.WaterHeater object at 0x7f9fe19fb020>,0.0,3.0,False
723,10,328.12028269213187,,<source.processFunctions_WH.WaterHeater object at 0x7f9fe19fb050>,0.0,2.6,False
724,10,328.12266321062566,,<source.processFunctions_WH.WaterHeater object at 0x7f9fe19fb080>,0.0,2.8,False
725,10,328.1170247730384,,<source.processFunctions_WH.WaterHeater object at 0x7f9fe19fb0b0>,0.0,2.2,False
726,10,328.12180708340185,,<source.processFunctions_WH.WaterHeater object at 0x7f9fe19fb0e0>,0.0,2.8,False
727,10,328.1151552797054,,<source.processFunctions_WH.WaterHeater object at 0x7f9fe19fb110>,0.0,2.2,False
728,10,328.1211940751132,,<source.processFunctions_WH.WaterHeater object at 0x7f9fe19fb140>,0.0,3.0,False
729,10,328.1252206489953,,<source.processFunctions_WH.WaterHeater object at 0x7f9fe19fb170>,0.0,3.0,False
730,10,328.12092664603347,,<source.processFunctions_WH.WaterHeater object at 0x7f9fe19fb1a0>,0.0,2.6,False
731,10,328.1187186726887,,<source.processFunctions_WH.WaterHeater object at 0x7f9fe19fb1d0>,0.0,2.6,False
732,10,328.12012781278776,,<source.processFunctions_WH.WaterHeater object at 0x7f9fe19fb200>,0.0,2.8,False
733,10,328.1152701325843,,<source.processFunctions_WH.WaterHeater object at 0x7f9fe19fb230>,0.0,2.2,False
734,10,328.11648451117173,,<source.processFunctions_WH.WaterHeater object at 0x7f9fe19fb260>,0.0,2.4,False
735,10,328.1187771673928,,<source.processFunctions_WH.WaterHeater object at 0x7f9fe19fb290>,0.0,2.6,False
736,10,328.1174004034004,,<source.processFunctions_WH.WaterHeater object at 0x7f9fe19fb2c0>,0.0,2.4,False
737,10,328.11548327625235,,<source.processFunctions_WH.WaterHeater object at 0x7f9fe19fb2f0>,0.0,2.2,False
738,10,328.1102259348991,,<source.processFunctions_WH.WaterHeater object at 0x7f9fe19fb320>,0.0,2.0,False
739,10,328.11282546832877,,<source.processFunctions_WH.WaterHeater object at 0x7f9fe19fb350>,0.0,2.2,False
740,10,328.1125257146483,,<source.processFunctions_WH.WaterHeater object at 0x7f9fe19fb380>,0.0,2.2,False
741,10,328.1159353243088,,<source.processFunctions_WH.WaterHeater object at 0x7f9fe19fb3b0>,0.0,2.4,False
742,10,328.11324238409554,,<source.processFunctions_WH.WaterHeater object at 0x7f9fe19fb3e0>,0.0,2.2,False
743,10,328.11598044347437,,<source.processFunctions_WH.WaterHeater object at 0x7f9fe19fb410>,0.0,2.2,False
744,10,328.1229015097923,,<source.processFunctions_WH.WaterHeater object at 0x7f9fe19fb440>,0.0,3.0,False
745,10,328.1226428015568,,<source.processFunctions_WH.WaterHeater object at 0x7f9fe19fb470>,0.0,3.0,False
746,10,328.10780771562133,,<source.processFunctions_WH.WaterHeater object at 0x7f9fe19fb4a0>,0.0,2.0,False
747,10,328.1175949643169,,<source.processFunctions_WH.WaterHeater object at 0x7f9fe19fb4d0>,0.0,2.4,False
748,10,328.1238571659136,,<source.processFunctions_WH.WaterHeater object at 0x7f9fe19fb500>,0.0,3.0,False
749,10,328.11937214977246,,<source.processFunctions_WH.WaterHeater object at 0x7f9fe19fb530>,0.0,2.6,False
750,10,328.1102083979144,,<source.processFunctions_WH.WaterHeater object at 0x7f9fe19fb560>,0.0,2.2,False
751,10,328.1222433644123,,<source.processFunctions_WH.WaterHeater object at 0x7f9fe19fb590>,0.0,3.0,False
752,10,328.1091925954778,,<source.processFunctions_WH.WaterHeater object at 0x7f9fe19fb5c0>,0.0,2.0,False
753,10,328.1216396690903,,<source.processFunctions_WH.WaterHeater object at 0x7f9fe19fb5f0>,0.0,2.8,False
754,10,328.12493688533857,,<source.processFunctions_WH.WaterHeater object at 0x7f9fe19fb620>,0.0,3.0,False
755,10,328.1166618071072,,<source.processFunctions_WH.WaterHeater object at 0x7f9fe19fb650>,0.0,2.4,False
756,10,328.1196887567891,,<source.processFunctions_WH.WaterHeater object at 0x7f9fe19fb680>,0.0,2.8,False
757,10,328.1182608242807,,<source.processFunctions_WH.WaterHeater object at 0x7f9fe19fb6b0>,0.0,2.6,False
758,10,328.1131906423458,,<source.processFunctions_WH.WaterHeater object at 0x7f9fe19fb6e0>,0.0,2.0,False
759,10,328.1081402280394,,<source.processFunctions_WH.WaterHeater object at 0x7f9fe19fb710>,0.0,2.0,False
760,10,328.1219092746509,,<source.processFunctions_WH.WaterHeater object at 0x7f9fe19fb740>,0.0,3.0,False
761,10,328.11645162863095,,<source.processFunctions_WH.WaterHeater object at 0x7f9fe19fb770>,0.0,2.4,False
762,10,328.1215417844695,,<source.processFunctions_WH.WaterHeater object at 0x7f9fe19fb7a0>,0.0,2.8,False
763,10,328.1091393500851,,<source.processFunctions_WH.WaterHeater object at 0x7f9fe19fb7d0>,0.0,2.0,False
764,10,328.11104182735755,,<source.processFunctions_WH.WaterHeater object at 0x7f9fe19fb800>,0.0,2.0,False
765,10,328.11369119055286,,<source.processFunctions_WH.WaterHeater object at 0x7f9fe19fb830>,0.0,2.2,False
766,10,328.11977357349025,,<source.processFunctions_WH.WaterHeater object at 0x7f9fe19fb860>,0.0,2.6,False
767,10,328.11485025158373,,<source.processFunctions_WH.WaterHeater object at 0x7f9fe19fb890>,0.0,2.0,False
768,10,328.1136999970513,,<source.processFunctions_WH.WaterHeater object at 0x7f9fe19fb8c0>,0.0,2.2,False
769,10,328.1228970707379,,<source.processFunctions_WH.WaterHeater object at 0x7f9fe19fb8f0>,0.0,2.8,False
770,10,328.1242593481477,,<source.processFunctions_WH.WaterHeater object at 0x7f9fe19fb920>,0.0,3.0,False
771,10,328.116010709127,,<source.processFunctions_WH.WaterHeater object at 0x7f9fe19fb950>,0.0,2.4,False
772,10,328.1099289305968,,<source.processFunctions_WH.WaterHeater object at 0x7f9fe19fb980>,0.0,2.0,False
773,10,328.11732036274645,,<source.processFunctions_WH.WaterHeater object at 0x7f9fe19fb9b0>,0.0,2.4,False
774,10,328.1143306623421,,<source.processFunctions_WH.WaterHeater object at 0x7f9fe19fb9e0>,0.0,2.2,False
775,10,328.11523535392445,,<source.processFunctions_WH.WaterHeater object at 0x7f9fe19fba10>,0.0,2.4,False
776,10,328.121959393132,,<source.processFunctions_WH.WaterHeater object at 0x7f9fe19fba40>,0.0,2.6,False
777,10,328.1181573654226,,<source.processFunctions_WH.WaterHeater object at 0x7f9fe19fba70>,0.0,2.4,False
778,10,328.1234395655294,,<source.processFunctions_WH.WaterHeater object at 0x7f9fe19fbaa0>,0.0,3.0,False
779,10,328.118957922491,,<source.processFunctions_WH.WaterHeater object at 0x7f9fe19fbad0>,0.0,2.4,False
780,10,328.1165819954231,,<source.processFunctions_WH.WaterHeater object at 0x7f9fe19fbb00>,0.0,2.4,False
781,10,328.12380013030247,,<source.processFunctions_WH.WaterHeater object at 0x7f9fe19fbb30>,0.0,2.8,False
782,10,328.1223609001374,,<source.processFunctions_WH.WaterHeater object at 0x7f9fe19fbb60>,0.0,3.0,False
783,10,328.12462035344527,,<source.processFunctions_WH.WaterHeater object at 0x7f9fe19fbb90>,0.0,3.0,False
784,10,328.1148670201958,,<source.processFunctions_WH.WaterHeater object at 0x7f9fe19fbbc0>,0.0,2.6,False
785,10,328.1190847807819,,<source.processFunctions_WH.WaterHeater object at 0x7f9fe19fbbf0>,0.0,2.4,False
786,10,328.12459322562626,,<source.processFunctions_WH.WaterHeater object at 0x7f9fe19fbc20>,0.0,2.8,False
787,10,328.1251389942217,,<source.processFunctions_WH.WaterHeater object at 0x7f9fe19fbc50>,0.0,3.0,False
788,10,328.12042933677145,,<source.processFunctions_WH.WaterHeater object at 0x7f9fe19fbc80>,0.0,2.6,False
789,10,328.1203211455402,,<source.processFunctions_WH.WaterHeater object at 0x7f9fe19fbcb0>,0.0,2.8,False
790,10,328.11254522673846,,<source.processFunctions_WH.WaterHeater object at 0x7f9fe19fbce0>,0.0,2.0,False
791,10,328.1164589505445,,<source.processFunctions_WH.WaterHeater object at 0x7f9fe19fbd10>,0.0,2.4,False
792,10,328.11152378354956,,<source.processFunctions_WH.WaterHeater object at 0x7f9fe19fbd40>,0.0,2.0,False
793,10,328.12026645597825,,<source.processFunctions_WH.WaterHeater object at 0x7f9fe19fbd70>,0.0,3.0,False
794,10,328.12179471246947,,<source.processFunctions_WH.WaterHeater object at 0x7f9fe19fbda0>,0.0,2.8,False
795,10,328.12058337281053,,<source.processFunctions_WH.WaterHeater object at 0x7f9fe19fbdd0>,0.0,2.4,False
796,10,328.1157405546551,,<source.processFunctions_WH.WaterHeater object at 0x7f9fe19fbe00>,0.0,2.0,False
797,10,328.11600771060216,,<source.processFunctions_WH.WaterHeater object at 0x7f9fe19fbe30>,0.0,2.2,False
798,10,328.1186366459868,,<source.processFunctions_WH.WaterHeater object at 0x7f9fe19fbe60>,0.0,2.6,False
799,10,328.1243544166291,,<source.processFunctions_WH.WaterHeater object at 0x7f9fe19fbe90>,0.0,3.0,False
800,10,328.1175326041239,,<source.processFunctions_WH.WaterHeater object at 0x7f9fe19fbec0>,0.0,2.2,False
801,10,328.11931112078037,,<source.processFunctions_WH.WaterHeater object at 0x7f9fe19fbef0>,0.0,2.6,False
802,10,328.1200506899577,,<source.processFunctions_WH.WaterHeater object at 0x7f9fe19fbf20>,0.0,2.6,False
803,10,328.11196878863734,,<source.processFunctions_WH.WaterHeater object at 0x7f9fe19fbf50>,0.0,2.2,False
804,10,328.11462936540306,,<source.processFunctions_WH.WaterHeater object at 0x7f9fe19fbf80>,0.0,2.2,False
805,10,328.11703933206195,,<source.processFunctions_WH.WaterHeater object at 0x7f9fe19fbfb0>,0.0,2.6,False
806,10,328.1209068763268,,<source.processFunctions_WH.WaterHeater object at 0x7f9fe19fbfe0>,0.0,3.0,False
807,10,328.12318696271416,,<source.processFunctions_WH.WaterHeater object at 0x7f9fe1940050>,0.0,3.0,False
808,10,328.1227785168884,,<source.processFunctions_WH.WaterHeater object at 0x7f9fe1940080>,0.0,3.0,False
809,10,328.11736752920103,,<source.processFunctions_WH.WaterHeater object at 0x7f9fe19400b0>,0.0,2.2,False
810,10,328.12119303142913,,<source.processFunctions_WH.WaterHeater object at 0x7f9fe19400e0>,0.0,2.6,False
811,10,328.1213982476204,,<source.processFunctions_WH.WaterHeater object at 0x7f9fe1940110>,0.0,2.8,False
812,10,328.11769354639324,,<source.processFunctions_WH.WaterHeater object at 0x7f9fe1940140>,0.0,2.4,False
813,10,328.11369915921716,,<source.processFunctions_WH.WaterHeater object at 0x7f9fe1940170>,0.0,2.2,False
814,10,328.1232823471811,,<source.processFunctions_WH.WaterHeater object at 0x7f9fe19401a0>,0.0,3.0,False
815,10,328.1213870151129,,<source.processFunctions_WH.WaterHeater object at 0x7f9fe19401d0>,0.0,2.8,False
816,10,328.11588260655213,,<source.processFunctions_WH.WaterHeater object at 0x7f9fe1940200>,0.0,2.4,False
817,10,328.1181967290904,,<source.processFunctions_WH.WaterHeater object at 0x7f9fe1940230>,0.0,2.4,False
818,10,328.1213547744591,,<source.processFunctions_WH.WaterHeater object at 0x7f9fe1940260>,0.0,2.6,False
819,10,328.1214664985121,,<source.processFunctions_WH.WaterHeater object at 0x7f9fe1940290>,0.0,2.8,False
820,10,328.11424159881483,,<source.processFunctions_WH.WaterHeater object at 0x7f9fe19402c0>,0.0,2.0,False
821,10,328.11771223789503,,<source.processFunctions_WH.WaterHeater object at 0x7f9fe19402f0>,0.0,2.6,False
822,10,328.1212841824058,,<source.processFunctions_WH.WaterHeater object at 0x7f9fe1940320>,0.0,3.0,False
823,10,328.1076945099663,,<source.processFunctions_WH.WaterHeater object at 0x7f9fe1940350>,0.0,2.0,False
824,10,328.11068686151816,,<source.processFunctions_WH.WaterHeater object at 0x7f9fe1940380>,0.0,2.2,False
825,10,328.1074172243094,,<source.processFunctions_WH.WaterHeater object at 0x7f9fe19403b0>,0.0,2.0,False
826,10,328.1159343063049,,<source.processFunctions_WH.WaterHeater object at 0x7f9fe19403e0>,0.0,2.2,False
827,10,328.1078177796825,,<source.processFunctions_WH.WaterHeater object at 0x7f9fe1940410>,0.0,2.0,False
828,10,328.1166762114724,,<source.processFunctions_WH.WaterHeater object at 0x7f9fe1940440>,0.0,2.4,False
829,10,328.11724897168506,,<source.processFunctions_WH.WaterHeater object at 0x7f9fe1940470>,0.0,2.6,False
830,10,328.1230647310583,,<source.processFunctions_WH.WaterHeater object at 0x7f9fe19404a0>,0.0,3.0,False
831,10,328.113261858328,,<source.processFunctions_WH.WaterHeater object at 0x7f9fe19404d0>,0.0,2.2,False
832,10,328.11987587359084,,<source.processFunctions_WH.WaterHeater object at 0x7f9fe1940500>,0.0,2.8,False
833,10,328.11053388378303,,<source.processFunctions_WH.WaterHeater object at 0x7f9fe1940530>,0.0,2.2,False
834,10,328.12055236399505,,<source.processFunctions_WH.WaterHeater object at 0x7f9fe1940560>,0.0,2.8,False
835,10,328.1218286932942,,<source.processFunctions_WH.WaterHeater object at 0x7f9fe1940590>,0.0,3.0,False
836,10,328.1194092809351,,<source.processFunctions_WH.WaterHeater object at 0x7f9fe19405c0>,0.0,2.6,False
837,10,328.1242800330455,,<source.processFunctions_WH.WaterHeater object at 0x7f9fe19405f0>,0.0,2.8,False
838,10,328.1164538912766,,<source.processFunctions_WH.WaterHeater object at 0x7f9fe1940620>,0.0,2.2,False
839,10,328.1195661593048,,<source.processFunctions_WH.WaterHeater object at 0x7f9fe1940650>,0.0,2.6,False
840,10,328.1078779503315,,<source.processFunctions_WH.WaterHeater object at 0x7f9fe1940680>,0.0,2.0,False
841,10,328.1212124257048,,<source.processFunctions_WH.WaterHeater object at 0x7f9fe19406b0>,0.0,2.4,False
842,10,328.11529952958915,,<source.processFunctions_WH.WaterHeater object at 0x7f9fe19406e0>,0.0,2.4,False
843,10,328.12446768451537,,<source.processFunctions_WH.WaterHeater object at 0x7f9fe1940710>,0.0,3.0,False
844,10,328.11833385929197,,<source.processFunctions_WH.WaterHeater object at 0x7f9fe1940740>,0.0,2.2,False
845,10,328.11910752419334,,<source.processFunctions_WH.WaterHeater object at 0x7f9fe1940770>,0.0,2.4,False
846,10,328.12115887127095,,<source.processFunctions_WH.WaterHeater object at 0x7f9fe19407a0>,0.0,2.8,False
847,10,328.12154576404623,,<source.processFunctions_WH.WaterHeater object at 0x7f9fe19407d0>,0.0,2.4,False
848,10,328.1135433027821,,<source.processFunctions_WH.WaterHeater object at 0x7f9fe1940800>,0.0,2.2,False
849,10,328.1230031590648,,<source.processFunctions_WH.WaterHeater object at 0x7f9fe1940830>,0.0,2.8,False
850,10,328.11470932243174,,<source.processFunctions_WH.WaterHeater object at 0x7f9fe1940860>,0.0,2.2,False
851,10,328.1062828767946,,<source.processFunctions_WH.WaterHeater object at 0x7f9fe1940890>,0.0,2.0,False
852,10,328.1225968023163,,<source.processFunctions_WH.WaterHeater object at 0x7f9fe19408c0>,0.0,3.0,False
853,10,328.1031215047292,,<source.processFunctions_WH.WaterHeater object at 0x7f9fe19408f0>,0.0,2.0,False
854,10,328.12122699761056,,<source.processFunctions_WH.WaterHeater object at 0x7f9fe1940920>,0.0,2.8,False
855,10,328.10956287929326,,<source.processFunctions_WH.WaterHeater object at 0x7f9fe1940950>,0.0,2.6,False
856,10,328.1198614128681,,<source.processFunctions_WH.WaterHeater object at 0x7f9fe1940980>,0.0,2.6,False
857,10,328.1204149174432,,<source.processFunctions_WH.WaterHeater object at 0x7f9fe19409b0>,0.0,2.6,False
858,10,328.1238093164259,,<source.processFunctions_WH.WaterHeater object at 0x7f9fe19409e0>,0.0,3.0,False
859,10,328.1171435277073,,<source.processFunctions_WH.WaterHeater object at 0x7f9fe1940a10>,0.0,2.6,False
860,10,328.12160471392883,,<source.processFunctions_WH.WaterHeater object at 0x7f9fe1940a40>,0.0,2.8,False
861,10,328.10946509826556,,<source.processFunctions_WH.WaterHeater object at 0x7f9fe1940a70>,0.0,2.0,False
862,10,328.1222879248768,,<source.processFunctions_WH.WaterHeater object at 0x7f9fe1940aa0>,0.0,3.0,False
863,10,328.11191882605806,,<source.processFunctions_WH.WaterHeater object at 0x7f9fe1940ad0>,0.0,2.2,False
864,10,328.115526161821,,<source.processFunctions_WH.WaterHeater object at 0x7f9fe1940b00>,0.0,2.4,False
865,10,328.11829192524885,,<source.processFunctions_WH.WaterHeater object at 0x7f9fe1940b30>,0.0,2.4,False
866,10,328.1080260404146,,<source.processFunctions_WH.WaterHeater object at 0x7f9fe1940b60>,0.0,2.0,False
867,10,328.1088067311429,,<source.processFunctions_WH.WaterHeater object at 0x7f9fe1940b90>,0.0,2.0,False
868,10,328.12245500514484,,<source.processFunctions_WH.WaterHeater object at 0x7f9fe1940bc0>,0.0,3.0,False
869,10,328.1168468308966,,<source.processFunctions_WH.WaterHeater object at 0x7f9fe1940bf0>,0.0,2.2,False
870,10,328.1221627256456,,<source.processFunctions_WH.WaterHeater object at 0x7f9fe1940c20>,0.0,2.8,False
871,10,328.12187709353236,,<source.processFunctions_WH.WaterHeater object at 0x7f9fe1940c50>,0.0,3.0,False
872,10,328.122377997253,,<source.processFunctions_WH.WaterHeater object at 0x7f9fe1940c80>,0.0,3.0,False
873,10,328.11960734590684,,<source.processFunctions_WH.WaterHeater object at 0x7f9fe1940cb0>,0.0,2.4,False
874,10,328.1207634253106,,<source.processFunctions_WH.WaterHeater object at 0x7f9fe1940ce0>,0.0,2.8,False
875,10,328.11253018251534,,<source.processFunctions_WH.WaterHeater object at 0x7f9fe1940d10>,0.0,2.2,False
876,10,328.1231764733403,,<source.processFunctions_WH.WaterHeater object at 0x7f9fe1940d40>,0.0,3.0,False
877,10,328.11204643563667,,<source.processFunctions_WH.WaterHeater object at 0x7f9fe1940d70>,0.0,2.2,False
878,10,328.11249948914076,,<source.processFunctions_WH.WaterHeater object at 0x7f9fe1940da0>,0.0,2.2,False
879,10,328.1161211422704,,<source.processFunctions_WH.WaterHeater object at 0x7f9fe1940dd0>,0.0,2.4,False
880,10,328.1237821947184,,<source.processFunctions_WH.WaterHeater object at 0x7f9fe1940e00>,0.0,3.0,False
881,10,328.11808801095407,,<source.processFunctions_WH.WaterHeater object at 0x7f9fe1940e30>,0.0,2.6,False
882,10,328.11776665013036,,<source.processFunctions_WH.WaterHeater object at 0x7f9fe1940e60>,0.0,2.6,False
883,10,328.1185664151626,,<source.processFunctions_WH.WaterHeater object at 0x7f9fe1940e90>,0.0,2.4,False
884,10,328.1195055616764,,<source.processFunctions_WH.WaterHeater object at 0x7f9fe1940ec0>,0.0,2.2,False
885,10,328.1186667296029,,<source.processFunctions_WH.WaterHeater object at 0x7f9fe1940ef0>,0.0,2.4,False
886,10,328.1178575950951,,<source.processFunctions_WH.WaterHeater object at 0x7f9fe1940f20>,0.0,2.6,False
887,10,328.1227316947845,,<source.processFunctions_WH.WaterHeater object at 0x7f9fe1940f50>,0.0,3.0,False
888,10,328.11382101227724,,<source.processFunctions_WH.WaterHeater object at 0x7f9fe1940f80>,0.0,2.2,False
889,10,328.11120720445666,,<source.processFunctions_WH.WaterHeater object at 0x7f9fe1940fb0>,0.0,2.0,False
890,10,328.12493423139085,,<source.processFunctions_WH.WaterHeater object at 0x7f9fe1940fe0>,0.0,3.0,False
891,10,328.11893619449137,,<source.processFunctions_WH.WaterHeater object at 0x7f9fe1941010>,0.0,2.4,False
892,10,328.1129961683016,,<source.processFunctions_WH.WaterHeater object at 0x7f9fe1941040>,0.0,2.0,False
893,10,328.12261519498315,,<source.processFunctions_WH.WaterHeater object at 0x7f9fe1941070>,0.0,3.0,False
894,10,328.11057048327945,,<source.processFunctions_WH.WaterHeater object at 0x7f9fe19410a0>,0.0,2.2,False
895,10,328.1202749966699,,<source.processFunctions_WH.WaterHeater object at 0x7f9fe19410d0>,0.0,2.6,False
896,10,328.11323099506217,,<source.processFunctions_WH.WaterHeater object at 0x7f9fe1941100>,0.0,2.2,False
897,10,328.119930862788,,<source.processFunctions_WH.WaterHeater object at 0x7f9fe1941130>,0.0,2.8,False
898,10,328.12001567448544,,<source.processFunctions_WH.WaterHeater object at 0x7f9fe1941160>,0.0,2.6,False
899,10,328.1185359316877,,<source.processFunctions_WH.WaterHeater object at 0x7f9fe1941190>,0.0,2.4,False
900,10,328.12194028615886,,<source.processFunctions_WH.WaterHeater object at 0x7f9fe19411c0>,0.0,3.0,False
901,10,328.1134716648217,,<source.processFunctions_WH.WaterHeater object at 0x7f9fe19411f0>,0.0,2.0,False
902,10,328.11646424718674,,<source.processFunctions_WH.WaterHeater object at 0x7f9fe1941220>,0.0,2.2,False
903,10,328.118859713677,,<source.processFunctions_WH.WaterHeater object at 0x7f9fe1941250>,0.0,2.6,False
904,10,328.1087707552314,,<source.processFunctions_WH.WaterHeater object at 0x7f9fe1941280>,0.0,2.0,False
905,10,328.11698837291715,,<source.processFunctions_WH.WaterHeater object at 0x7f9fe19412b0>,0.0,2.6,False
906,10,328.12272214885195,,<source.processFunctions_WH.WaterHeater object at 0x7f9fe19412e0>,0.0,2.6,False
907,10,328.1223574257502,,<source.processFunctions_WH.WaterHeater object at 0x7f9fe1941310>,0.0,3.0,False
908,10,328.11821427464116,,<source.processFunctions_WH.WaterHeater object at 0x7f9fe1941340>,0.0,2.4,False
909,10,328.1165160935157,,<source.processFunctions_WH.WaterHeater object at 0x7f9fe1941370>,0.0,2.2,False
910,10,328.1142154398843,,<source.processFunctions_WH.WaterHeater object at 0x7f9fe19413a0>,0.0,2.0,False
911,10,328.1207817005642,,<source.processFunctions_WH.WaterHeater object at 0x7f9fe19413d0>,0.0,2.6,False
912,10,328.12100516836983,,<source.processFunctions_WH.WaterHeater object at 0x7f9fe1941400>,0.0,2.8,False
913,10,328.1197653666118,,<source.processFunctions_WH.WaterHeater object at 0x7f9fe1941430>,0.0,2.8,False
914,10,328.1225631069601,,<source.processFunctions_WH.WaterHeater object at 0x7f9fe1941460>,0.0,3.0,False
915,10,328.1183097044934,,<source.processFunctions_WH.WaterHeater object at 0x7f9fe1941490>,0.0,2.4,False
916,10,328.11917804498677,,<source.processFunctions_WH.WaterHeater object at 0x7f9fe19414c0>,0.0,2.6,False
917,10,328.1064350287769,,<source.processFunctions_WH.WaterHeater object at 0x7f9fe19414f0>,0.0,2.0,False
918,10,328.12308230414465,,<source.processFunctions_WH.WaterHeater object at 0x7f9fe1941520>,0.0,3.0,False
919,10,328.1179102294391,,<source.processFunctions_WH.WaterHeater object at 0x7f9fe1941550>,0.0,2.4,False
920,10,328.12188075419425,,<source.processFunctions_WH.WaterHeater object at 0x7f9fe1941580>,0.0,2.6,False
921,10,328.11506864079206,,<source.processFunctions_WH.WaterHeater object at 0x7f9fe19415b0>,0.0,2.4,False
922,10,328.12091270914783,,<source.processFunctions_WH.WaterHeater object at 0x7f9fe19415e0>,0.0,2.8,False
923,10,328.10636552561715,,<source.processFunctions_WH.WaterHeater object at 0x7f9fe1941610>,0.0,2.0,False
924,10,328.1120035547533,,<source.processFunctions_WH.WaterHeater object at 0x7f9fe1941640>,0.0,2.0,False
925,10,328.115925705544,,<source.processFunctions_WH.WaterHeater object at 0x7f9fe1941670>,0.0,2.2,False
926,10,328.119995155057,,<source.processFunctions_WH.WaterHeater object at 0x7f9fe19416a0>,0.0,2.6,False
927,10,328.1179237664887,,<source.processFunctions_WH.WaterHeater object at 0x7f9fe19416d0>,0.0,2.2,False
928,10,328.1142412471431,,<source.processFunctions_WH.WaterHeater object at 0x7f9fe1941700>,0.0,2.2,False
929,10,328.11503423877986,,<source.processFunctions_WH.WaterHeater object at 0x7f9fe1941730>,0.0,2.4,False
930,10,328.12005118959536,,<source.processFunctions_WH.WaterHeater object at 0x7f9fe1941760>,0.0,2.6,False
931,10,328.1222993602991,,<source.processFunctions_WH.WaterHeater object at 0x7f9fe1941790>,0.0,2.8,False
932,10,328.1197226907069,,<source.processFunctions_WH.WaterHeater object at 0x7f9fe19417c0>,0.0,2.4,False
933,10,328.116702352096,,<source.processFunctions_WH.WaterHeater object at 0x7f9fe19417f0>,0.0,2.2,False
934,10,328.10773390629106,,<source.processFunctions_WH.WaterHeater object at 0x7f9fe1941820>,0.0,2.0,False
935,10,328.1196937599349,,<source.processFunctions_WH.WaterHeater object at 0x7f9fe1941850>,0.0,2.4,False
936,10,328.1170008383647,,<source.processFunctions_WH.WaterHeater object at 0x7f9fe1941880>,0.0,2.4,False
937,10,328.1154739244786,,<source.processFunctions_WH.WaterHeater object at 0x7f9fe19418b0>,0.0,2.2,False
938,10,328.1139809906023,,<source.processFunctions_WH.WaterHeater object at 0x7f9fe19418e0>,0.0,2.2,False
939,10,328.12088699230844,,<source.processFunctions_WH.WaterHeater object at 0x7f9fe1941910>,0.0,3.0,False
940,10,328.1086936121802,,<source.processFunctions_WH.WaterHeater object at 0x7f9fe1941940>,0.0,2.0,False
941,10,328.118507936371,,<source.processFunctions_WH.WaterHeater object at 0x7f9fe1941970>,0.0,2.6,False
942,10,328.1122395139247,,<source.processFunctions_WH.WaterHeater object at 0x7f9fe19419a0>,0.0,2.0,False
943,10,328.1144571315124,,<source.processFunctions_WH.WaterHeater object at 0x7f9fe19419d0>,0.0,2.2,False
944,10,328.12290297094285,,<source.processFunctions_WH.WaterHeater object at 0x7f9fe1941a00>,0.0,2.8,False
945,10,328.1102121433285,,<source.processFunctions_WH.WaterHeater object at 0x7f9fe1941a30>,0.0,2.0,False
946,10,328.1219985026481,,<source.processFunctions_WH.WaterHeater object at 0x7f9fe1941a60>,0.0,2.8,False
947,10,328.1108573574015,,<source.processFunctions_WH.WaterHeater object at 0x7f9fe1941a90>,0.0,2.0,False
948,10,328.1209925255654,,<source.processFunctions_WH.WaterHeater object at 0x7f9fe1941ac0>,0.0,2.8,False
949,10,328.1204734896499,,<source.processFunctions_WH.WaterHeater object at 0x7f9fe1941af0>,0.0,2.6,False
950,10,328.11202354421965,,<source.processFunctions_WH.WaterHeater object at 0x7f9fe1941b20>,0.0,2.0,False
951,10,328.1240347992301,,<source.processFunctions_WH.WaterHeater object at 0x7f9fe1941b50>,0.0,3.0,False
952,10,328.1167158975928,,<source.processFunctions_WH.WaterHeater object at 0x7f9fe1941b80>,0.0,2.6,False
953,10,328.11578177978936,,<source.processFunctions_WH.WaterHeater object at 0x7f9fe1941bb0>,0.0,2.2,False
954,10,328.12052680158797,,<source.processFunctions_WH.WaterHeater object at 0x7f9fe1941be0>,0.0,2.6,False
955,10,328.11625877661345,,<source.processFunctions_WH.WaterHeater object at 0x7f9fe1941c10>,0.0,2.4,False
956,10,328.11777059559836,,<source.processFunctions_WH.WaterHeater object at 0x7f9fe1941c40>,0.0,2.4,False
957,10,328.12024932532097,,<source.processFunctions_WH.WaterHeater object at 0x7f9fe1941c70>,0.0,3.0,False
958,10,328.12343443872453,,<source.processFunctions_WH.WaterHeater object at 0x7f9fe1941ca0>,0.0,3.0,False
959,10,328.11108664115005,,<source.processFunctions_WH.WaterHeater object at 0x7f9fe1941cd0>,0.0,2.2,False
960,10,328.12389849677714,,<source.processFunctions_WH.WaterHeater object at 0x7f9fe1941d00>,0.0,3.0,False
961,10,328.1122589831276,,<source.processFunctions_WH.WaterHeater object at 0x7f9fe1941d30>,0.0,2.0,False
962,10,328.1219358169204,,<source.processFunctions_WH.WaterHeater object at 0x7f9fe1941d60>,0.0,2.8,False
963,10,328.119953410374,,<source.processFunctions_WH.WaterHeater object at 0x7f9fe1941d90>,0.0,2.8,False
964,10,328.1233976394899,,<source.processFunctions_WH.WaterHeater object at 0x7f9fe1941dc0>,0.0,2.8,False
965,10,328.11695639541165,,<source.processFunctions_WH.WaterHeater object at 0x7f9fe1941df0>,0.0,2.2,False
966,10,328.12054964543336,,<source.processFunctions_WH.WaterHeater object at 0x7f9fe1941e20>,0.0,2.6,False
967,10,328.11704466517745,,<source.processFunctions_WH.WaterHeater object at 0x7f9fe1941e50>,0.0,2.6,False
968,10,328.11410210930586,,<source.processFunctions_WH.WaterHeater object at 0x7f9fe1941e80>,0.0,2.2,False
969,10,328.1118232813863,,<source.processFunctions_WH.WaterHeater object at 0x7f9fe1941eb0>,0.0,2.2,False
970,10,328.10874970662707,,<source.processFunctions_WH.WaterHeater object at 0x7f9fe1941ee0>,0.0,2.0,False
971,10,328.11346026260526,,<source.processFunctions_WH.WaterHeater object at 0x7f9fe1941f10>,0.0,2.2,False
972,10,328.1238655637682,,<source.processFunctions_WH.WaterHeater object at 0x7f9fe1941f40>,0.0,3.0,False
973,10,328.1174071684755,,<source.processFunctions_WH.WaterHeater object at 0x7f9fe1941f70>,0.0,2.6,False
974,10,328.12017130442763,,<source.processFunctions_WH.WaterHeater object at 0x7f9fe1941fa0>,0.0,2.6,False
975,10,328.11817454771926,,<source.processFunctions_WH.WaterHeater object at 0x7f9fe1941fd0>,0.0,2.6,False
976,10,328.1216454705703,,<source.processFunctions_WH.WaterHeater object at 0x7f9fe1942000>,0.0,3.0,False
977,10,328.11554010266605,,<source.processFunctions_WH.WaterHeater object at 0x7f9fe1942030>,0.0,2.4,False
978,10,328.1206404190027,,<source.processFunctions_WH.WaterHeater object at 0x7f9fe1942060>,0.0,2.6,False
979,10,328.1198111404049,,<source.processFunctions_WH.WaterHeater object at 0x7f9fe1942090>,0.0,2.6,False
980,10,328.10481594827877,,<source.processFunctions_WH.WaterHeater object at 0x7f9fe19420c0>,0.0,2.0,False
981,10,328.11188266296995,,<source.processFunctions_WH.WaterHeater object at 0x7f9fe19420f0>,0.0,2.0,False
982,10,328.11668606407784,,<source.processFunctions_WH.WaterHeater object at 0x7f9fe1942120>,0.0,2.0,False
983,10,328.118556734244,,<source.processFunctions_WH.WaterHeater object at 0x7f9fe1942150>,0.0,2.6,False
984,10,328.11144352911657,,<source.processFunctions_WH.WaterHeater object at 0x7f9fe1942180>,0.0,2.4,False
985,10,328.1180368555406,,<source.processFunctions_WH.WaterHeater object at 0x7f9fe19421b0>,0.0,2.4,False
986,10,328.125168373485,,<source.processFunctions_WH.WaterHeater object at 0x7f9fe19421e0>,0.0,3.0,False
987,10,328.1208081485229,,<source.processFunctions_WH.WaterHeater object at 0x7f9fe1942210>,0.0,2.4,False
988,10,328.11160377966235,,<source.processFunctions_WH.WaterHeater object at 0x7f9fe1942240>,0.0,2.0,False
989,10,328.0753674434742,,<source.processFunctions_WH.WaterHeater object at 0x7f9fe1942270>,0.0,2.0,False
990,10,328.11915280275434,,<source.processFunctions_WH.WaterHeater object at 0x7f9fe19422a0>,0.0,2.6,False
991,10,328.11944020975335,,<source.processFunctions_WH.WaterHeater object at 0x7f9fe19422d0>,0.0,2.6,False
992,10,328.1149750835805,,<source.processFunctions_WH.WaterHeater object at 0x7f9fe1942300>,0.0,2.4,False
993,10,328.1126260183994,,<source.processFunctions_WH.WaterHeater object at 0x7f9fe1942330>,0.0,2.0,False
994,10,328.1108393577124,,<source.processFunctions_WH.WaterHeater object at 0x7f9fe1942360>,0.0,2.2,False
995,10,328.12420095867026,,<source.processFunctions_WH.WaterHeater object at 0x7f9fe1942390>,0.0,3.0,False
996,10,328.1195698117471,,<source.processFunctions_WH.WaterHeater object at 0x7f9fe19423c0>,0.0,2.6,False
997,10,328.1100501851134,,<source.processFunctions_WH.WaterHeater object at 0x7f9fe19423f0>,0.0,2.0,False
998,10,328.11951284186614,,<source.processFunctions_WH.WaterHeater object at 0x7f9fe1942420>,0.0,2.8,False
999,10,328.1227502844218,,<source.processFunctions_WH.WaterHeater object at 0x7f9fe1942450>,0.0,2.8,False
